"table_number","table_title","column_name","row_identifier","exact_value","source_file","row_column_or_key","caveat"
"Table 5.2","focused Mindoro Phase 1 recipe-ranking summary","rank","cmems_gfs","1","output/phase1_mindoro_focus_pre_spill_2016_2023/phase1_recipe_ranking.csv","recipe=cmems_gfs, column=rank",""
"Table 5.2","focused Mindoro Phase 1 recipe-ranking summary","valid_segment_count","cmems_gfs","19","output/phase1_mindoro_focus_pre_spill_2016_2023/phase1_recipe_ranking.csv","recipe=cmems_gfs, column=valid_segment_count",""
"Table 5.2","focused Mindoro Phase 1 recipe-ranking summary","invalid_segment_count","cmems_gfs","0","output/phase1_mindoro_focus_pre_spill_2016_2023/phase1_recipe_ranking.csv","recipe=cmems_gfs, column=invalid_segment_count",""
"Table 5.2","focused Mindoro Phase 1 recipe-ranking summary","mean_ncs_score","cmems_gfs","4.588584452986011","output/phase1_mindoro_focus_pre_spill_2016_2023/phase1_recipe_ranking.csv","recipe=cmems_gfs, column=mean_ncs_score",""
"Table 5.2","focused Mindoro Phase 1 recipe-ranking summary","median_ncs_score","cmems_gfs","4.630454993308714","output/phase1_mindoro_focus_pre_spill_2016_2023/phase1_recipe_ranking.csv","recipe=cmems_gfs, column=median_ncs_score",""
"Table 5.2","focused Mindoro Phase 1 recipe-ranking summary","is_gfs_recipe","cmems_gfs","True","output/phase1_mindoro_focus_pre_spill_2016_2023/phase1_recipe_ranking.csv","recipe=cmems_gfs, column=is_gfs_recipe",""
"Table 5.2","focused Mindoro Phase 1 recipe-ranking summary","rank","cmems_era5","2","output/phase1_mindoro_focus_pre_spill_2016_2023/phase1_recipe_ranking.csv","recipe=cmems_era5, column=rank",""
"Table 5.2","focused Mindoro Phase 1 recipe-ranking summary","valid_segment_count","cmems_era5","19","output/phase1_mindoro_focus_pre_spill_2016_2023/phase1_recipe_ranking.csv","recipe=cmems_era5, column=valid_segment_count",""
"Table 5.2","focused Mindoro Phase 1 recipe-ranking summary","invalid_segment_count","cmems_era5","0","output/phase1_mindoro_focus_pre_spill_2016_2023/phase1_recipe_ranking.csv","recipe=cmems_era5, column=invalid_segment_count",""
"Table 5.2","focused Mindoro Phase 1 recipe-ranking summary","mean_ncs_score","cmems_era5","4.623690463065895","output/phase1_mindoro_focus_pre_spill_2016_2023/phase1_recipe_ranking.csv","recipe=cmems_era5, column=mean_ncs_score",""
"Table 5.2","focused Mindoro Phase 1 recipe-ranking summary","median_ncs_score","cmems_era5","4.59159065081077","output/phase1_mindoro_focus_pre_spill_2016_2023/phase1_recipe_ranking.csv","recipe=cmems_era5, column=median_ncs_score",""
"Table 5.2","focused Mindoro Phase 1 recipe-ranking summary","is_gfs_recipe","cmems_era5","False","output/phase1_mindoro_focus_pre_spill_2016_2023/phase1_recipe_ranking.csv","recipe=cmems_era5, column=is_gfs_recipe",""
"Table 5.2","focused Mindoro Phase 1 recipe-ranking summary","rank","hycom_gfs","3","output/phase1_mindoro_focus_pre_spill_2016_2023/phase1_recipe_ranking.csv","recipe=hycom_gfs, column=rank",""
"Table 5.2","focused Mindoro Phase 1 recipe-ranking summary","valid_segment_count","hycom_gfs","19","output/phase1_mindoro_focus_pre_spill_2016_2023/phase1_recipe_ranking.csv","recipe=hycom_gfs, column=valid_segment_count",""
"Table 5.2","focused Mindoro Phase 1 recipe-ranking summary","invalid_segment_count","hycom_gfs","0","output/phase1_mindoro_focus_pre_spill_2016_2023/phase1_recipe_ranking.csv","recipe=hycom_gfs, column=invalid_segment_count",""
"Table 5.2","focused Mindoro Phase 1 recipe-ranking summary","mean_ncs_score","hycom_gfs","4.702732708555586","output/phase1_mindoro_focus_pre_spill_2016_2023/phase1_recipe_ranking.csv","recipe=hycom_gfs, column=mean_ncs_score",""
"Table 5.2","focused Mindoro Phase 1 recipe-ranking summary","median_ncs_score","hycom_gfs","4.92633009235389","output/phase1_mindoro_focus_pre_spill_2016_2023/phase1_recipe_ranking.csv","recipe=hycom_gfs, column=median_ncs_score",""
"Table 5.2","focused Mindoro Phase 1 recipe-ranking summary","is_gfs_recipe","hycom_gfs","True","output/phase1_mindoro_focus_pre_spill_2016_2023/phase1_recipe_ranking.csv","recipe=hycom_gfs, column=is_gfs_recipe",""
"Table 5.2","focused Mindoro Phase 1 recipe-ranking summary","rank","hycom_era5","4","output/phase1_mindoro_focus_pre_spill_2016_2023/phase1_recipe_ranking.csv","recipe=hycom_era5, column=rank",""
"Table 5.2","focused Mindoro Phase 1 recipe-ranking summary","valid_segment_count","hycom_era5","19","output/phase1_mindoro_focus_pre_spill_2016_2023/phase1_recipe_ranking.csv","recipe=hycom_era5, column=valid_segment_count",""
"Table 5.2","focused Mindoro Phase 1 recipe-ranking summary","invalid_segment_count","hycom_era5","0","output/phase1_mindoro_focus_pre_spill_2016_2023/phase1_recipe_ranking.csv","recipe=hycom_era5, column=invalid_segment_count",""
"Table 5.2","focused Mindoro Phase 1 recipe-ranking summary","mean_ncs_score","hycom_era5","4.756127725245334","output/phase1_mindoro_focus_pre_spill_2016_2023/phase1_recipe_ranking.csv","recipe=hycom_era5, column=mean_ncs_score",""
"Table 5.2","focused Mindoro Phase 1 recipe-ranking summary","median_ncs_score","hycom_era5","5.010588152593461","output/phase1_mindoro_focus_pre_spill_2016_2023/phase1_recipe_ranking.csv","recipe=hycom_era5, column=median_ncs_score",""
"Table 5.2","focused Mindoro Phase 1 recipe-ranking summary","is_gfs_recipe","hycom_era5","False","output/phase1_mindoro_focus_pre_spill_2016_2023/phase1_recipe_ranking.csv","recipe=hycom_era5, column=is_gfs_recipe",""
"Table 5.3","Phase 1 loading-audit summary","valid_rows","cmems_era5","19","output/phase1_mindoro_focus_pre_spill_2016_2023/phase1_loading_audit.csv","recipe=cmems_era5, grouped valid rows",""
"Table 5.3","Phase 1 loading-audit summary","invalid_rows","cmems_era5","0","output/phase1_mindoro_focus_pre_spill_2016_2023/phase1_loading_audit.csv","recipe=cmems_era5, grouped invalid rows",""
"Table 5.3","Phase 1 loading-audit summary","hard_fail_rows","cmems_era5","0","output/phase1_mindoro_focus_pre_spill_2016_2023/phase1_loading_audit.csv","recipe=cmems_era5, grouped hard_fail rows",""
"Table 5.3","Phase 1 loading-audit summary","actual_readers","cmems_era5","Reader<cmems_curr.nc> | Reader<era5_wind.nc> | Reader<cmems_wave.nc>","output/phase1_mindoro_focus_pre_spill_2016_2023/phase1_loading_audit.csv","recipe=cmems_era5, actual_current_reader/actual_wind_reader/actual_wave_reader",""
"Table 5.3","Phase 1 loading-audit summary","wave_loading_status","cmems_era5","loaded","output/phase1_mindoro_focus_pre_spill_2016_2023/phase1_loading_audit.csv","recipe=cmems_era5, column=wave_loading_status",""
"Table 5.3","Phase 1 loading-audit summary","valid_rows","cmems_gfs","19","output/phase1_mindoro_focus_pre_spill_2016_2023/phase1_loading_audit.csv","recipe=cmems_gfs, grouped valid rows",""
"Table 5.3","Phase 1 loading-audit summary","invalid_rows","cmems_gfs","0","output/phase1_mindoro_focus_pre_spill_2016_2023/phase1_loading_audit.csv","recipe=cmems_gfs, grouped invalid rows",""
"Table 5.3","Phase 1 loading-audit summary","hard_fail_rows","cmems_gfs","0","output/phase1_mindoro_focus_pre_spill_2016_2023/phase1_loading_audit.csv","recipe=cmems_gfs, grouped hard_fail rows",""
"Table 5.3","Phase 1 loading-audit summary","actual_readers","cmems_gfs","Reader<cmems_curr.nc> | Reader<gfs_wind.nc> | Reader<cmems_wave.nc>","output/phase1_mindoro_focus_pre_spill_2016_2023/phase1_loading_audit.csv","recipe=cmems_gfs, actual_current_reader/actual_wind_reader/actual_wave_reader",""
"Table 5.3","Phase 1 loading-audit summary","wave_loading_status","cmems_gfs","loaded","output/phase1_mindoro_focus_pre_spill_2016_2023/phase1_loading_audit.csv","recipe=cmems_gfs, column=wave_loading_status",""
"Table 5.3","Phase 1 loading-audit summary","valid_rows","hycom_era5","19","output/phase1_mindoro_focus_pre_spill_2016_2023/phase1_loading_audit.csv","recipe=hycom_era5, grouped valid rows",""
"Table 5.3","Phase 1 loading-audit summary","invalid_rows","hycom_era5","0","output/phase1_mindoro_focus_pre_spill_2016_2023/phase1_loading_audit.csv","recipe=hycom_era5, grouped invalid rows",""
"Table 5.3","Phase 1 loading-audit summary","hard_fail_rows","hycom_era5","0","output/phase1_mindoro_focus_pre_spill_2016_2023/phase1_loading_audit.csv","recipe=hycom_era5, grouped hard_fail rows",""
"Table 5.3","Phase 1 loading-audit summary","actual_readers","hycom_era5","Reader<hycom_curr.nc> | Reader<era5_wind.nc> | Reader<cmems_wave.nc>","output/phase1_mindoro_focus_pre_spill_2016_2023/phase1_loading_audit.csv","recipe=hycom_era5, actual_current_reader/actual_wind_reader/actual_wave_reader",""
"Table 5.3","Phase 1 loading-audit summary","wave_loading_status","hycom_era5","loaded","output/phase1_mindoro_focus_pre_spill_2016_2023/phase1_loading_audit.csv","recipe=hycom_era5, column=wave_loading_status",""
"Table 5.3","Phase 1 loading-audit summary","valid_rows","hycom_gfs","19","output/phase1_mindoro_focus_pre_spill_2016_2023/phase1_loading_audit.csv","recipe=hycom_gfs, grouped valid rows",""
"Table 5.3","Phase 1 loading-audit summary","invalid_rows","hycom_gfs","0","output/phase1_mindoro_focus_pre_spill_2016_2023/phase1_loading_audit.csv","recipe=hycom_gfs, grouped invalid rows",""
"Table 5.3","Phase 1 loading-audit summary","hard_fail_rows","hycom_gfs","0","output/phase1_mindoro_focus_pre_spill_2016_2023/phase1_loading_audit.csv","recipe=hycom_gfs, grouped hard_fail rows",""
"Table 5.3","Phase 1 loading-audit summary","actual_readers","hycom_gfs","Reader<hycom_curr.nc> | Reader<gfs_wind.nc> | Reader<cmems_wave.nc>","output/phase1_mindoro_focus_pre_spill_2016_2023/phase1_loading_audit.csv","recipe=hycom_gfs, actual_current_reader/actual_wind_reader/actual_wave_reader",""
"Table 5.3","Phase 1 loading-audit summary","wave_loading_status","hycom_gfs","loaded","output/phase1_mindoro_focus_pre_spill_2016_2023/phase1_loading_audit.csv","recipe=hycom_gfs, column=wave_loading_status",""
"Table 5.4","Phase 2 deterministic and ensemble product inventory","product_group","control_footprint_mask","deterministic_control","output/CASE_MINDORO_RETRO_2023/forecast","pattern=control_footprint_mask_*.tif",""
"Table 5.4","Phase 2 deterministic and ensemble product inventory","representative_pattern_or_file","control_footprint_mask","control_footprint_mask_*.tif","output/CASE_MINDORO_RETRO_2023/forecast","pattern=control_footprint_mask_*.tif",""
"Table 5.4","Phase 2 deterministic and ensemble product inventory","stored_file_count","control_footprint_mask","3","output/CASE_MINDORO_RETRO_2023/forecast","pattern=control_footprint_mask_*.tif",""
"Table 5.4","Phase 2 deterministic and ensemble product inventory","valid_times_or_dates","control_footprint_mask","2023-03-04T09-59-00Z | 2023-03-05T09-59-00Z | 2023-03-06T09-59-00Z","output/CASE_MINDORO_RETRO_2023/forecast","pattern=control_footprint_mask_*.tif",""
"Table 5.4","Phase 2 deterministic and ensemble product inventory","exact_directory","control_footprint_mask","output/CASE_MINDORO_RETRO_2023/forecast","output/CASE_MINDORO_RETRO_2023/forecast","directory listing",""
"Table 5.4","Phase 2 deterministic and ensemble product inventory","semantics","control_footprint_mask","Binary deterministic control footprint mask.","output/CASE_MINDORO_RETRO_2023/forecast","pattern=control_footprint_mask_*.tif",""
"Table 5.4","Phase 2 deterministic and ensemble product inventory","product_group","control_density_norm","deterministic_control","output/CASE_MINDORO_RETRO_2023/forecast","pattern=control_density_norm_*.tif",""
"Table 5.4","Phase 2 deterministic and ensemble product inventory","representative_pattern_or_file","control_density_norm","control_density_norm_*.tif","output/CASE_MINDORO_RETRO_2023/forecast","pattern=control_density_norm_*.tif",""
"Table 5.4","Phase 2 deterministic and ensemble product inventory","stored_file_count","control_density_norm","3","output/CASE_MINDORO_RETRO_2023/forecast","pattern=control_density_norm_*.tif",""
"Table 5.4","Phase 2 deterministic and ensemble product inventory","valid_times_or_dates","control_density_norm","2023-03-04T09-59-00Z | 2023-03-05T09-59-00Z | 2023-03-06T09-59-00Z","output/CASE_MINDORO_RETRO_2023/forecast","pattern=control_density_norm_*.tif",""
"Table 5.4","Phase 2 deterministic and ensemble product inventory","exact_directory","control_density_norm","output/CASE_MINDORO_RETRO_2023/forecast","output/CASE_MINDORO_RETRO_2023/forecast","directory listing",""
"Table 5.4","Phase 2 deterministic and ensemble product inventory","semantics","control_density_norm","Normalized deterministic control particle density.","output/CASE_MINDORO_RETRO_2023/forecast","pattern=control_density_norm_*.tif",""
"Table 5.4","Phase 2 deterministic and ensemble product inventory","product_group","prob_presence","ensemble","output/CASE_MINDORO_RETRO_2023/ensemble","pattern=prob_presence_*T*.tif",""
"Table 5.4","Phase 2 deterministic and ensemble product inventory","representative_pattern_or_file","prob_presence","prob_presence_*T*.tif","output/CASE_MINDORO_RETRO_2023/ensemble","pattern=prob_presence_*T*.tif",""
"Table 5.4","Phase 2 deterministic and ensemble product inventory","stored_file_count","prob_presence","4","output/CASE_MINDORO_RETRO_2023/ensemble","pattern=prob_presence_*T*.tif",""
"Table 5.4","Phase 2 deterministic and ensemble product inventory","valid_times_or_dates","prob_presence","2023-03-04T09-59-00Z | 2023-03-05T09-59-00Z | 2023-03-06 | 2023-03-06T09-59-00Z","output/CASE_MINDORO_RETRO_2023/ensemble","pattern=prob_presence_*T*.tif",""
"Table 5.4","Phase 2 deterministic and ensemble product inventory","exact_directory","prob_presence","output/CASE_MINDORO_RETRO_2023/ensemble","output/CASE_MINDORO_RETRO_2023/ensemble","directory listing",""
"Table 5.4","Phase 2 deterministic and ensemble product inventory","semantics","prob_presence","prob_presence = fraction of ensemble members with oil presence.","output/CASE_MINDORO_RETRO_2023/ensemble","pattern=prob_presence_*T*.tif",""
"Table 5.4","Phase 2 deterministic and ensemble product inventory","product_group","mask_p50","ensemble","output/CASE_MINDORO_RETRO_2023/ensemble","pattern=mask_p50_*T*.tif",""
"Table 5.4","Phase 2 deterministic and ensemble product inventory","representative_pattern_or_file","mask_p50","mask_p50_*T*.tif","output/CASE_MINDORO_RETRO_2023/ensemble","pattern=mask_p50_*T*.tif",""
"Table 5.4","Phase 2 deterministic and ensemble product inventory","stored_file_count","mask_p50","4","output/CASE_MINDORO_RETRO_2023/ensemble","pattern=mask_p50_*T*.tif",""
"Table 5.4","Phase 2 deterministic and ensemble product inventory","valid_times_or_dates","mask_p50","2023-03-04T09-59-00Z | 2023-03-05T09-59-00Z | 2023-03-06 | 2023-03-06T09-59-00Z","output/CASE_MINDORO_RETRO_2023/ensemble","pattern=mask_p50_*T*.tif",""
"Table 5.4","Phase 2 deterministic and ensemble product inventory","exact_directory","mask_p50","output/CASE_MINDORO_RETRO_2023/ensemble","output/CASE_MINDORO_RETRO_2023/ensemble","directory listing",""
"Table 5.4","Phase 2 deterministic and ensemble product inventory","semantics","mask_p50","mask_p50 = probability >= 0.50.","output/CASE_MINDORO_RETRO_2023/ensemble","pattern=mask_p50_*T*.tif",""
"Table 5.4","Phase 2 deterministic and ensemble product inventory","product_group","mask_p90","ensemble","output/CASE_MINDORO_RETRO_2023/ensemble","pattern=mask_p90_*T*.tif",""
"Table 5.4","Phase 2 deterministic and ensemble product inventory","representative_pattern_or_file","mask_p90","mask_p90_*T*.tif","output/CASE_MINDORO_RETRO_2023/ensemble","pattern=mask_p90_*T*.tif",""
"Table 5.4","Phase 2 deterministic and ensemble product inventory","stored_file_count","mask_p90","3","output/CASE_MINDORO_RETRO_2023/ensemble","pattern=mask_p90_*T*.tif",""
"Table 5.4","Phase 2 deterministic and ensemble product inventory","valid_times_or_dates","mask_p90","2023-03-04T09-59-00Z | 2023-03-05T09-59-00Z | 2023-03-06T09-59-00Z","output/CASE_MINDORO_RETRO_2023/ensemble","pattern=mask_p90_*T*.tif",""
"Table 5.4","Phase 2 deterministic and ensemble product inventory","exact_directory","mask_p90","output/CASE_MINDORO_RETRO_2023/ensemble","output/CASE_MINDORO_RETRO_2023/ensemble","directory listing",""
"Table 5.4","Phase 2 deterministic and ensemble product inventory","semantics","mask_p90","mask_p90 = probability >= 0.90.","output/CASE_MINDORO_RETRO_2023/ensemble","pattern=mask_p90_*T*.tif",""
"Table 5.4","Phase 2 deterministic and ensemble product inventory","product_group","prob_presence_datecomposite","ensemble","output/CASE_MINDORO_RETRO_2023/ensemble","pattern=prob_presence_*datecomposite.tif",""
"Table 5.4","Phase 2 deterministic and ensemble product inventory","representative_pattern_or_file","prob_presence_datecomposite","prob_presence_*datecomposite.tif","output/CASE_MINDORO_RETRO_2023/ensemble","pattern=prob_presence_*datecomposite.tif",""
"Table 5.4","Phase 2 deterministic and ensemble product inventory","stored_file_count","prob_presence_datecomposite","1","output/CASE_MINDORO_RETRO_2023/ensemble","pattern=prob_presence_*datecomposite.tif",""
"Table 5.4","Phase 2 deterministic and ensemble product inventory","valid_times_or_dates","prob_presence_datecomposite","2023-03-06","output/CASE_MINDORO_RETRO_2023/ensemble","pattern=prob_presence_*datecomposite.tif",""
"Table 5.4","Phase 2 deterministic and ensemble product inventory","exact_directory","prob_presence_datecomposite","output/CASE_MINDORO_RETRO_2023/ensemble","output/CASE_MINDORO_RETRO_2023/ensemble","directory listing",""
"Table 5.4","Phase 2 deterministic and ensemble product inventory","semantics","prob_presence_datecomposite","Per-date composite probability of any member presence.","output/CASE_MINDORO_RETRO_2023/ensemble","pattern=prob_presence_*datecomposite.tif",""
"Table 5.4","Phase 2 deterministic and ensemble product inventory","product_group","mask_p50_datecomposite","ensemble","output/CASE_MINDORO_RETRO_2023/ensemble","pattern=mask_p50_*datecomposite.tif",""
"Table 5.4","Phase 2 deterministic and ensemble product inventory","representative_pattern_or_file","mask_p50_datecomposite","mask_p50_*datecomposite.tif","output/CASE_MINDORO_RETRO_2023/ensemble","pattern=mask_p50_*datecomposite.tif",""
"Table 5.4","Phase 2 deterministic and ensemble product inventory","stored_file_count","mask_p50_datecomposite","1","output/CASE_MINDORO_RETRO_2023/ensemble","pattern=mask_p50_*datecomposite.tif",""
"Table 5.4","Phase 2 deterministic and ensemble product inventory","valid_times_or_dates","mask_p50_datecomposite","2023-03-06","output/CASE_MINDORO_RETRO_2023/ensemble","pattern=mask_p50_*datecomposite.tif",""
"Table 5.4","Phase 2 deterministic and ensemble product inventory","exact_directory","mask_p50_datecomposite","output/CASE_MINDORO_RETRO_2023/ensemble","output/CASE_MINDORO_RETRO_2023/ensemble","directory listing",""
"Table 5.4","Phase 2 deterministic and ensemble product inventory","semantics","mask_p50_datecomposite","Per-date composite mask at probability >= 0.50.","output/CASE_MINDORO_RETRO_2023/ensemble","pattern=mask_p50_*datecomposite.tif",""
"Table 5.4","Phase 2 deterministic and ensemble product inventory","product_group","ensemble_density_norm_support","ensemble_support","output/CASE_MINDORO_RETRO_2023/ensemble","pattern=ensemble_density_norm_*.tif",""
"Table 5.4","Phase 2 deterministic and ensemble product inventory","representative_pattern_or_file","ensemble_density_norm_support","ensemble_density_norm_*.tif","output/CASE_MINDORO_RETRO_2023/ensemble","pattern=ensemble_density_norm_*.tif",""
"Table 5.4","Phase 2 deterministic and ensemble product inventory","stored_file_count","ensemble_density_norm_support","3","output/CASE_MINDORO_RETRO_2023/ensemble","pattern=ensemble_density_norm_*.tif",""
"Table 5.4","Phase 2 deterministic and ensemble product inventory","valid_times_or_dates","ensemble_density_norm_support","2023-03-04T09-59-00Z | 2023-03-05T09-59-00Z | 2023-03-06T09-59-00Z","output/CASE_MINDORO_RETRO_2023/ensemble","pattern=ensemble_density_norm_*.tif",""
"Table 5.4","Phase 2 deterministic and ensemble product inventory","exact_directory","ensemble_density_norm_support","output/CASE_MINDORO_RETRO_2023/ensemble","output/CASE_MINDORO_RETRO_2023/ensemble","directory listing",""
"Table 5.4","Phase 2 deterministic and ensemble product inventory","semantics","ensemble_density_norm_support","Support-only ensemble density surface; not one of the named thesis probability products.","output/CASE_MINDORO_RETRO_2023/ensemble","pattern=ensemble_density_norm_*.tif",""
"Table 5.4","Phase 2 deterministic and ensemble product inventory","product_group","member_presence_support","ensemble_support","output/CASE_MINDORO_RETRO_2023/ensemble","pattern=member_*_presence.tif",""
"Table 5.4","Phase 2 deterministic and ensemble product inventory","representative_pattern_or_file","member_presence_support","member_*_presence.tif","output/CASE_MINDORO_RETRO_2023/ensemble","pattern=member_*_presence.tif",""
"Table 5.4","Phase 2 deterministic and ensemble product inventory","stored_file_count","member_presence_support","0","output/CASE_MINDORO_RETRO_2023/ensemble","pattern=member_*_presence.tif",""
"Table 5.4","Phase 2 deterministic and ensemble product inventory","valid_times_or_dates","member_presence_support","","output/CASE_MINDORO_RETRO_2023/ensemble","pattern=member_*_presence.tif",""
"Table 5.4","Phase 2 deterministic and ensemble product inventory","exact_directory","member_presence_support","output/CASE_MINDORO_RETRO_2023/ensemble","output/CASE_MINDORO_RETRO_2023/ensemble","directory listing",""
"Table 5.4","Phase 2 deterministic and ensemble product inventory","semantics","member_presence_support","Per-member support masks; support inventory only.","output/CASE_MINDORO_RETRO_2023/ensemble","pattern=member_*_presence.tif",""
"Table 5.4","Phase 2 deterministic and ensemble product inventory","product_group","member_netcdf_support","ensemble_support","output/CASE_MINDORO_RETRO_2023/ensemble","pattern=member_*.nc",""
"Table 5.4","Phase 2 deterministic and ensemble product inventory","representative_pattern_or_file","member_netcdf_support","member_*.nc","output/CASE_MINDORO_RETRO_2023/ensemble","pattern=member_*.nc",""
"Table 5.4","Phase 2 deterministic and ensemble product inventory","stored_file_count","member_netcdf_support","50","output/CASE_MINDORO_RETRO_2023/ensemble","pattern=member_*.nc",""
"Table 5.4","Phase 2 deterministic and ensemble product inventory","valid_times_or_dates","member_netcdf_support","","output/CASE_MINDORO_RETRO_2023/ensemble","pattern=member_*.nc",""
"Table 5.4","Phase 2 deterministic and ensemble product inventory","exact_directory","member_netcdf_support","output/CASE_MINDORO_RETRO_2023/ensemble","output/CASE_MINDORO_RETRO_2023/ensemble","directory listing",""
"Table 5.4","Phase 2 deterministic and ensemble product inventory","semantics","member_netcdf_support","Per-member trajectory NetCDF files; support inventory only.","output/CASE_MINDORO_RETRO_2023/ensemble","pattern=member_*.nc",""
"Table 5.5","Mindoro B1 primary public-validation FSS results","fss_1km","B1 March 13 -> March 14","0.0","output/Phase 3B March13-14 Final Output/summary/opendrift_primary/march13_14_reinit_fss_by_window.csv","branch_id=R1_previous, window_km=1","Shared-imagery caveat must stay with this row."
"Table 5.5","Mindoro B1 primary public-validation FSS results","fss_3km","B1 March 13 -> March 14","0.04410084397715486","output/Phase 3B March13-14 Final Output/summary/opendrift_primary/march13_14_reinit_fss_by_window.csv","branch_id=R1_previous, window_km=3","Shared-imagery caveat must stay with this row."
"Table 5.5","Mindoro B1 primary public-validation FSS results","fss_5km","B1 March 13 -> March 14","0.13713343304839443","output/Phase 3B March13-14 Final Output/summary/opendrift_primary/march13_14_reinit_fss_by_window.csv","branch_id=R1_previous, window_km=5","Shared-imagery caveat must stay with this row."
"Table 5.5","Mindoro B1 primary public-validation FSS results","fss_10km","B1 March 13 -> March 14","0.2489511001092829","output/Phase 3B March13-14 Final Output/summary/opendrift_primary/march13_14_reinit_fss_by_window.csv","branch_id=R1_previous, window_km=10","Shared-imagery caveat must stay with this row."
"Table 5.5","Mindoro B1 primary public-validation FSS results","forecast_product","B1 March 13 -> March 14","mask_p50_2023-03-14_localdate.tif","output/Phase 3B March13-14 Final Output/summary/opendrift_primary/march13_14_reinit_summary.csv","branch_id=R1_previous, column=forecast_product","Promoted B1 row only."
"Table 5.5","Mindoro B1 primary public-validation FSS results","observation_mask","B1 March 13 -> March 14","10b37c42a9754363a5f7b14199b077e6.tif","output/Phase 3B March13-14 Final Output/summary/opendrift_primary/march13_14_reinit_summary.csv","branch_id=R1_previous, column=observation_product","Promoted B1 row only."
"Table 5.5","Mindoro B1 primary public-validation FSS results","mean_fss","B1 March 13 -> March 14","0.10754634428370805","output/Phase 3B March13-14 Final Output/summary/opendrift_primary/march13_14_reinit_summary.csv","branch_id=R1_previous, column=mean_fss","Shared-imagery caveat must stay with this row."
"Table 5.5","Mindoro B1 primary public-validation FSS results","centroid_distance_m","B1 March 13 -> March 14","7358.1573331128075","output/Phase 3B March13-14 Final Output/summary/opendrift_primary/march13_14_reinit_summary.csv","branch_id=R1_previous, column=centroid_distance_m",""
"Table 5.6","Mindoro Track A comparator support results","fss_1km","R1_previous_reinit_p50","0.0","output/Phase 3B March13-14 Final Output/summary/comparator_pygnome/march13_14_reinit_crossmodel_model_ranking.csv","track_id=R1_previous_reinit_p50, column=fss_1km","Track A is comparator support only; PyGNOME is never truth."
"Table 5.6","Mindoro Track A comparator support results","fss_3km","R1_previous_reinit_p50","0.04410084397715486","output/Phase 3B March13-14 Final Output/summary/comparator_pygnome/march13_14_reinit_crossmodel_model_ranking.csv","track_id=R1_previous_reinit_p50, column=fss_3km","Track A is comparator support only; PyGNOME is never truth."
"Table 5.6","Mindoro Track A comparator support results","fss_5km","R1_previous_reinit_p50","0.13713343304839443","output/Phase 3B March13-14 Final Output/summary/comparator_pygnome/march13_14_reinit_crossmodel_model_ranking.csv","track_id=R1_previous_reinit_p50, column=fss_5km","Track A is comparator support only; PyGNOME is never truth."
"Table 5.6","Mindoro Track A comparator support results","fss_10km","R1_previous_reinit_p50","0.2489511001092829","output/Phase 3B March13-14 Final Output/summary/comparator_pygnome/march13_14_reinit_crossmodel_model_ranking.csv","track_id=R1_previous_reinit_p50, column=fss_10km","Track A is comparator support only; PyGNOME is never truth."
"Table 5.6","Mindoro Track A comparator support results","centroid_distance_m","R1_previous_reinit_p50","7358.1573331128075","output/Phase 3B March13-14 Final Output/summary/comparator_pygnome/march13_14_reinit_crossmodel_model_ranking.csv","track_id=R1_previous_reinit_p50, column=centroid_distance_m","Track A is comparator support only; PyGNOME is never truth."
"Table 5.6","Mindoro Track A comparator support results","area_ratio_forecast_to_obs","R1_previous_reinit_p50","0.22727272727272727","output/Phase 3B March13-14 Final Output/summary/comparator_pygnome/march13_14_reinit_crossmodel_model_ranking.csv","track_id=R1_previous_reinit_p50, column=area_ratio_forecast_to_obs","Track A is comparator support only; PyGNOME is never truth."
"Table 5.6","Mindoro Track A comparator support results","iou","R1_previous_reinit_p50","0.0","output/Phase 3B March13-14 Final Output/summary/comparator_pygnome/march13_14_reinit_crossmodel_model_ranking.csv","track_id=R1_previous_reinit_p50, column=iou","Track A is comparator support only; PyGNOME is never truth."
"Table 5.6","Mindoro Track A comparator support results","dice","R1_previous_reinit_p50","0.0","output/Phase 3B March13-14 Final Output/summary/comparator_pygnome/march13_14_reinit_crossmodel_model_ranking.csv","track_id=R1_previous_reinit_p50, column=dice","Track A is comparator support only; PyGNOME is never truth."
"Table 5.6","Mindoro Track A comparator support results","model_name","R1_previous_reinit_p50","OpenDrift R1 previous reinit p50","output/Phase 3B March13-14 Final Output/summary/comparator_pygnome/march13_14_reinit_crossmodel_model_ranking.csv","track_id=R1_previous_reinit_p50, column=model_name","Track A is comparator support only; PyGNOME is never truth."
"Table 5.6","Mindoro Track A comparator support results","forecast_product","R1_previous_reinit_p50","mask_p50_2023-03-14_localdate.tif","output/Phase 3B March13-14 Final Output/summary/comparator_pygnome/march13_14_reinit_crossmodel_model_ranking.csv","track_id=R1_previous_reinit_p50, column=forecast_product","Track A is comparator support only; PyGNOME is never truth."
"Table 5.6","Mindoro Track A comparator support results","fss_1km","pygnome_reinit_deterministic","0.0","output/Phase 3B March13-14 Final Output/summary/comparator_pygnome/march13_14_reinit_crossmodel_model_ranking.csv","track_id=pygnome_reinit_deterministic, column=fss_1km","Track A is comparator support only; PyGNOME is never truth."
"Table 5.6","Mindoro Track A comparator support results","fss_3km","pygnome_reinit_deterministic","0.0","output/Phase 3B March13-14 Final Output/summary/comparator_pygnome/march13_14_reinit_crossmodel_model_ranking.csv","track_id=pygnome_reinit_deterministic, column=fss_3km","Track A is comparator support only; PyGNOME is never truth."
"Table 5.6","Mindoro Track A comparator support results","fss_5km","pygnome_reinit_deterministic","1.1102230246251565e-16","output/Phase 3B March13-14 Final Output/summary/comparator_pygnome/march13_14_reinit_crossmodel_model_ranking.csv","track_id=pygnome_reinit_deterministic, column=fss_5km","Track A is comparator support only; PyGNOME is never truth."
"Table 5.6","Mindoro Track A comparator support results","fss_10km","pygnome_reinit_deterministic","0.02439535124386949","output/Phase 3B March13-14 Final Output/summary/comparator_pygnome/march13_14_reinit_crossmodel_model_ranking.csv","track_id=pygnome_reinit_deterministic, column=fss_10km","Track A is comparator support only; PyGNOME is never truth."
"Table 5.6","Mindoro Track A comparator support results","centroid_distance_m","pygnome_reinit_deterministic","12876.764546943627","output/Phase 3B March13-14 Final Output/summary/comparator_pygnome/march13_14_reinit_crossmodel_model_ranking.csv","track_id=pygnome_reinit_deterministic, column=centroid_distance_m","Track A is comparator support only; PyGNOME is never truth."
"Table 5.6","Mindoro Track A comparator support results","area_ratio_forecast_to_obs","pygnome_reinit_deterministic","0.2727272727272727","output/Phase 3B March13-14 Final Output/summary/comparator_pygnome/march13_14_reinit_crossmodel_model_ranking.csv","track_id=pygnome_reinit_deterministic, column=area_ratio_forecast_to_obs","Track A is comparator support only; PyGNOME is never truth."
"Table 5.6","Mindoro Track A comparator support results","iou","pygnome_reinit_deterministic","0.0","output/Phase 3B March13-14 Final Output/summary/comparator_pygnome/march13_14_reinit_crossmodel_model_ranking.csv","track_id=pygnome_reinit_deterministic, column=iou","Track A is comparator support only; PyGNOME is never truth."
"Table 5.6","Mindoro Track A comparator support results","dice","pygnome_reinit_deterministic","0.0","output/Phase 3B March13-14 Final Output/summary/comparator_pygnome/march13_14_reinit_crossmodel_model_ranking.csv","track_id=pygnome_reinit_deterministic, column=dice","Track A is comparator support only; PyGNOME is never truth."
"Table 5.6","Mindoro Track A comparator support results","model_name","pygnome_reinit_deterministic","PyGNOME deterministic March 13 reinit comparator","output/Phase 3B March13-14 Final Output/summary/comparator_pygnome/march13_14_reinit_crossmodel_model_ranking.csv","track_id=pygnome_reinit_deterministic, column=model_name","Track A is comparator support only; PyGNOME is never truth."
"Table 5.6","Mindoro Track A comparator support results","forecast_product","pygnome_reinit_deterministic","pygnome_footprint_mask_2023-03-14_localdate.tif","output/Phase 3B March13-14 Final Output/summary/comparator_pygnome/march13_14_reinit_crossmodel_model_ranking.csv","track_id=pygnome_reinit_deterministic, column=forecast_product","Track A is comparator support only; PyGNOME is never truth."
"Table 5.6","Mindoro Track A comparator support results","fss_1km","R0_reinit_p50","0.0","output/Phase 3B March13-14 Final Output/summary/comparator_pygnome/march13_14_reinit_crossmodel_model_ranking.csv","track_id=R0_reinit_p50, column=fss_1km","Track A is comparator support only; PyGNOME is never truth."
"Table 5.6","Mindoro Track A comparator support results","fss_3km","R0_reinit_p50","0.0","output/Phase 3B March13-14 Final Output/summary/comparator_pygnome/march13_14_reinit_crossmodel_model_ranking.csv","track_id=R0_reinit_p50, column=fss_3km","Track A is comparator support only; PyGNOME is never truth."
"Table 5.6","Mindoro Track A comparator support results","fss_5km","R0_reinit_p50","0.0","output/Phase 3B March13-14 Final Output/summary/comparator_pygnome/march13_14_reinit_crossmodel_model_ranking.csv","track_id=R0_reinit_p50, column=fss_5km","Track A is comparator support only; PyGNOME is never truth."
"Table 5.6","Mindoro Track A comparator support results","fss_10km","R0_reinit_p50","0.0","output/Phase 3B March13-14 Final Output/summary/comparator_pygnome/march13_14_reinit_crossmodel_model_ranking.csv","track_id=R0_reinit_p50, column=fss_10km","Track A is comparator support only; PyGNOME is never truth."
"Table 5.6","Mindoro Track A comparator support results","centroid_distance_m","R0_reinit_p50","","output/Phase 3B March13-14 Final Output/summary/comparator_pygnome/march13_14_reinit_crossmodel_model_ranking.csv","track_id=R0_reinit_p50, column=centroid_distance_m","Track A is comparator support only; PyGNOME is never truth."
"Table 5.6","Mindoro Track A comparator support results","area_ratio_forecast_to_obs","R0_reinit_p50","0.0","output/Phase 3B March13-14 Final Output/summary/comparator_pygnome/march13_14_reinit_crossmodel_model_ranking.csv","track_id=R0_reinit_p50, column=area_ratio_forecast_to_obs","Track A is comparator support only; PyGNOME is never truth."
"Table 5.6","Mindoro Track A comparator support results","iou","R0_reinit_p50","0.0","output/Phase 3B March13-14 Final Output/summary/comparator_pygnome/march13_14_reinit_crossmodel_model_ranking.csv","track_id=R0_reinit_p50, column=iou","Track A is comparator support only; PyGNOME is never truth."
"Table 5.6","Mindoro Track A comparator support results","dice","R0_reinit_p50","0.0","output/Phase 3B March13-14 Final Output/summary/comparator_pygnome/march13_14_reinit_crossmodel_model_ranking.csv","track_id=R0_reinit_p50, column=dice","Track A is comparator support only; PyGNOME is never truth."
"Table 5.6","Mindoro Track A comparator support results","model_name","R0_reinit_p50","OpenDrift R0 reinit p50","output/Phase 3B March13-14 Final Output/summary/comparator_pygnome/march13_14_reinit_crossmodel_model_ranking.csv","track_id=R0_reinit_p50, column=model_name","Track A is comparator support only; PyGNOME is never truth."
"Table 5.6","Mindoro Track A comparator support results","forecast_product","R0_reinit_p50","mask_p50_2023-03-14_localdate.tif","output/Phase 3B March13-14 Final Output/summary/comparator_pygnome/march13_14_reinit_crossmodel_model_ranking.csv","track_id=R0_reinit_p50, column=forecast_product","Track A is comparator support only; PyGNOME is never truth."
"Table 5.1","reportable result surfaces and interpretation boundaries","track_label","phase1_regional_baseline","Phase 1 regional transport baseline selection","output/final_reproducibility_package/final_phase_status_registry.csv","phase_id=phase1, track_id=phase1_regional_baseline, column=track_label",""
"Table 5.1","reportable result surfaces and interpretation boundaries","readiness_status","phase1_regional_baseline","architecture_audited_production_rerun_needed","output/final_reproducibility_package/final_phase_status_registry.csv","phase_id=phase1, track_id=phase1_regional_baseline, column=readiness_status",""
"Table 5.1","reportable result surfaces and interpretation boundaries","scientifically_reportable","phase1_regional_baseline","False","output/final_reproducibility_package/final_phase_status_registry.csv","phase_id=phase1, track_id=phase1_regional_baseline, column=scientifically_reportable",""
"Table 5.1","reportable result surfaces and interpretation boundaries","scientifically_frozen","phase1_regional_baseline","False","output/final_reproducibility_package/final_phase_status_registry.csv","phase_id=phase1, track_id=phase1_regional_baseline, column=scientifically_frozen",""
"Table 5.1","reportable result surfaces and interpretation boundaries","reportability_scope","phase1_regional_baseline","not_yet_scientifically_reportable","output/final_reproducibility_package/final_phase_status_registry.csv","phase_id=phase1, track_id=phase1_regional_baseline, column=reportability_scope",""
"Table 5.1","reportable result surfaces and interpretation boundaries","summary","phase1_regional_baseline","Architecture audited; the final 2016-2022 production rerun is still needed.","output/final_reproducibility_package/final_phase_status_registry.csv","phase_id=phase1, track_id=phase1_regional_baseline, column=summary",""
"Table 5.1","reportable result surfaces and interpretation boundaries","main_blocker","phase1_regional_baseline","The repo still lacks the accepted/rejected drogued 72 h segment registry generated from a true 2016-2022 regional drifter pool, so the frozen baseline cannot yet be defended as the final Chapter 3 Phase 1 study.","output/final_reproducibility_package/final_phase_status_registry.csv","phase_id=phase1, track_id=phase1_regional_baseline, column=main_blocker",""
"Table 5.1","reportable result surfaces and interpretation boundaries","track_label","phase2_official_products","Phase 2 machine-readable forecast products","output/final_reproducibility_package/final_phase_status_registry.csv","phase_id=phase2, track_id=phase2_machine_readable_forecast, column=track_label",""
"Table 5.1","reportable result surfaces and interpretation boundaries","readiness_status","phase2_official_products","scientifically_usable_not_frozen","output/final_reproducibility_package/final_phase_status_registry.csv","phase_id=phase2, track_id=phase2_machine_readable_forecast, column=readiness_status",""
"Table 5.1","reportable result surfaces and interpretation boundaries","scientifically_reportable","phase2_official_products","True","output/final_reproducibility_package/final_phase_status_registry.csv","phase_id=phase2, track_id=phase2_machine_readable_forecast, column=scientifically_reportable",""
"Table 5.1","reportable result surfaces and interpretation boundaries","scientifically_frozen","phase2_official_products","False","output/final_reproducibility_package/final_phase_status_registry.csv","phase_id=phase2, track_id=phase2_machine_readable_forecast, column=scientifically_frozen",""
"Table 5.1","reportable result surfaces and interpretation boundaries","reportability_scope","phase2_official_products","scientifically_usable_official_forecast_products","output/final_reproducibility_package/final_phase_status_registry.csv","phase_id=phase2, track_id=phase2_machine_readable_forecast, column=reportability_scope",""
"Table 5.1","reportable result surfaces and interpretation boundaries","summary","phase2_official_products","Scientifically usable as implemented, but not yet frozen.","output/final_reproducibility_package/final_phase_status_registry.csv","phase_id=phase2, track_id=phase2_machine_readable_forecast, column=summary",""
"Table 5.1","reportable result surfaces and interpretation boundaries","main_blocker","phase2_official_products","Phase 2 is scientifically usable on the promoted cmems_gfs baseline, but the final frozen story still depends on retiring legacy *_ncep runtime IDs from official-mode config space and closing the remaining transport-model provisionality.","output/final_reproducibility_package/final_phase_status_registry.csv","phase_id=phase2, track_id=phase2_machine_readable_forecast, column=main_blocker",""
"Table 5.1","reportable result surfaces and interpretation boundaries","track_label","mindoro_b1_primary","Mindoro March 13 -> March 14 NOAA reinit primary validation","output/final_reproducibility_package/final_phase_status_registry.csv","phase_id=phase3b, track_id=B1, column=track_label",""
"Table 5.1","reportable result surfaces and interpretation boundaries","readiness_status","mindoro_b1_primary","scientifically_reportable_primary_validation","output/final_reproducibility_package/final_phase_status_registry.csv","phase_id=phase3b, track_id=B1, column=readiness_status",""
"Table 5.1","reportable result surfaces and interpretation boundaries","scientifically_reportable","mindoro_b1_primary","True","output/final_reproducibility_package/final_phase_status_registry.csv","phase_id=phase3b, track_id=B1, column=scientifically_reportable",""
"Table 5.1","reportable result surfaces and interpretation boundaries","scientifically_frozen","mindoro_b1_primary","False","output/final_reproducibility_package/final_phase_status_registry.csv","phase_id=phase3b, track_id=B1, column=scientifically_frozen",""
"Table 5.1","reportable result surfaces and interpretation boundaries","reportability_scope","mindoro_b1_primary","main_text_primary_validation","output/final_reproducibility_package/final_phase_status_registry.csv","phase_id=phase3b, track_id=B1, column=reportability_scope",""
"Table 5.1","reportable result surfaces and interpretation boundaries","summary","mindoro_b1_primary","Promoted primary validation; the focused 2016-2023 Mindoro drifter rerun found cmems_gfs as the historical winner and official B1 now uses cmems_gfs; reportable now but not fully frozen. fss_1km=0.0000, fss_3km=0.0441, fss_5km=0.1371, fss_10km=0.2490","output/final_reproducibility_package/final_phase_status_registry.csv","phase_id=phase3b, track_id=B1, column=summary",""
"Table 5.1","reportable result surfaces and interpretation boundaries","main_blocker","mindoro_b1_primary","Phase 2 is scientifically usable on the promoted cmems_gfs baseline, but the final frozen story still depends on retiring legacy *_ncep runtime IDs from official-mode config space and closing the remaining transport-model provisionality.","output/final_reproducibility_package/final_phase_status_registry.csv","phase_id=phase3b, track_id=B1, column=main_blocker",""
"Table 5.1","reportable result surfaces and interpretation boundaries","track_label","mindoro_track_a_comparator","Mindoro March 13 -> March 14 cross-model comparator","output/final_reproducibility_package/final_phase_status_registry.csv","phase_id=phase3a, track_id=A, column=track_label",""
"Table 5.1","reportable result surfaces and interpretation boundaries","readiness_status","mindoro_track_a_comparator","scientifically_informative_comparator","output/final_reproducibility_package/final_phase_status_registry.csv","phase_id=phase3a, track_id=A, column=readiness_status",""
"Table 5.1","reportable result surfaces and interpretation boundaries","scientifically_reportable","mindoro_track_a_comparator","True","output/final_reproducibility_package/final_phase_status_registry.csv","phase_id=phase3a, track_id=A, column=scientifically_reportable",""
"Table 5.1","reportable result surfaces and interpretation boundaries","scientifically_frozen","mindoro_track_a_comparator","False","output/final_reproducibility_package/final_phase_status_registry.csv","phase_id=phase3a, track_id=A, column=scientifically_frozen",""
"Table 5.1","reportable result surfaces and interpretation boundaries","reportability_scope","mindoro_track_a_comparator","comparative_benchmark_discussion","output/final_reproducibility_package/final_phase_status_registry.csv","phase_id=phase3a, track_id=A, column=reportability_scope",""
"Table 5.1","reportable result surfaces and interpretation boundaries","summary","mindoro_track_a_comparator","Same-case comparator-only support track attached to B1 on the promoted March 14 target. fss_1km=0.0000, fss_3km=0.0441, fss_5km=0.1371, fss_10km=0.2490","output/final_reproducibility_package/final_phase_status_registry.csv","phase_id=phase3a, track_id=A, column=summary",""
"Table 5.1","reportable result surfaces and interpretation boundaries","main_blocker","mindoro_track_a_comparator","Comparator-only track with a shared-imagery caveat; upstream Mindoro transport baseline is still not frozen.","output/final_reproducibility_package/final_phase_status_registry.csv","phase_id=phase3a, track_id=A, column=main_blocker",""
"Table 5.1","reportable result surfaces and interpretation boundaries","track_label","mindoro_b2_legacy_reference","Mindoro legacy March 6 sparse strict reference","output/final_reproducibility_package/final_phase_status_registry.csv","phase_id=phase3b, track_id=B2, column=track_label",""
"Table 5.1","reportable result surfaces and interpretation boundaries","readiness_status","mindoro_b2_legacy_reference","scientifically_reportable_legacy_reference","output/final_reproducibility_package/final_phase_status_registry.csv","phase_id=phase3b, track_id=B2, column=readiness_status",""
"Table 5.1","reportable result surfaces and interpretation boundaries","scientifically_reportable","mindoro_b2_legacy_reference","True","output/final_reproducibility_package/final_phase_status_registry.csv","phase_id=phase3b, track_id=B2, column=scientifically_reportable",""
"Table 5.1","reportable result surfaces and interpretation boundaries","scientifically_frozen","mindoro_b2_legacy_reference","False","output/final_reproducibility_package/final_phase_status_registry.csv","phase_id=phase3b, track_id=B2, column=scientifically_frozen",""
"Table 5.1","reportable result surfaces and interpretation boundaries","reportability_scope","mindoro_b2_legacy_reference","legacy_sparse_reference","output/final_reproducibility_package/final_phase_status_registry.csv","phase_id=phase3b, track_id=B2, column=reportability_scope",""
"Table 5.1","reportable result surfaces and interpretation boundaries","summary","mindoro_b2_legacy_reference","B2 legacy honesty reference; not the promoted primary row. fss_1km=0.0000, fss_3km=0.0000, fss_5km=0.0000, fss_10km=0.0000","output/final_reproducibility_package/final_phase_status_registry.csv","phase_id=phase3b, track_id=B2, column=summary",""
"Table 5.1","reportable result surfaces and interpretation boundaries","main_blocker","mindoro_b2_legacy_reference","Phase 2 is scientifically usable on the promoted cmems_gfs baseline, but the final frozen story still depends on retiring legacy *_ncep runtime IDs from official-mode config space and closing the remaining transport-model provisionality.","output/final_reproducibility_package/final_phase_status_registry.csv","phase_id=phase3b, track_id=B2, column=main_blocker",""
"Table 5.1","reportable result surfaces and interpretation boundaries","track_label","mindoro_b3_legacy_support","Mindoro legacy March 3-6 broader-support reference","output/final_reproducibility_package/final_phase_status_registry.csv","phase_id=phase3b, track_id=B3, column=track_label",""
"Table 5.1","reportable result surfaces and interpretation boundaries","readiness_status","mindoro_b3_legacy_support","scientifically_reportable_legacy_reference","output/final_reproducibility_package/final_phase_status_registry.csv","phase_id=phase3b, track_id=B3, column=readiness_status",""
"Table 5.1","reportable result surfaces and interpretation boundaries","scientifically_reportable","mindoro_b3_legacy_support","True","output/final_reproducibility_package/final_phase_status_registry.csv","phase_id=phase3b, track_id=B3, column=scientifically_reportable",""
"Table 5.1","reportable result surfaces and interpretation boundaries","scientifically_frozen","mindoro_b3_legacy_support","False","output/final_reproducibility_package/final_phase_status_registry.csv","phase_id=phase3b, track_id=B3, column=scientifically_frozen",""
"Table 5.1","reportable result surfaces and interpretation boundaries","reportability_scope","mindoro_b3_legacy_support","legacy_broader_support_reference","output/final_reproducibility_package/final_phase_status_registry.csv","phase_id=phase3b, track_id=B3, column=reportability_scope",""
"Table 5.1","reportable result surfaces and interpretation boundaries","summary","mindoro_b3_legacy_support","B3 legacy broader-support context; not a primary row. fss_1km=0.1722, fss_3km=0.2004, fss_5km=0.2166, fss_10km=0.2438","output/final_reproducibility_package/final_phase_status_registry.csv","phase_id=phase3b, track_id=B3, column=summary",""
"Table 5.1","reportable result surfaces and interpretation boundaries","main_blocker","mindoro_b3_legacy_support","Phase 2 is scientifically usable on the promoted cmems_gfs baseline, but the final frozen story still depends on retiring legacy *_ncep runtime IDs from official-mode config space and closing the remaining transport-model provisionality.","output/final_reproducibility_package/final_phase_status_registry.csv","phase_id=phase3b, track_id=B3, column=main_blocker",""
"Table 5.1","reportable result surfaces and interpretation boundaries","track_label","dwh_c1_deterministic","DWH deterministic external transfer validation","output/final_reproducibility_package/final_phase_status_registry.csv","phase_id=phase3c, track_id=C1, column=track_label",""
"Table 5.1","reportable result surfaces and interpretation boundaries","readiness_status","dwh_c1_deterministic","scientifically_reportable_transfer_validation","output/final_reproducibility_package/final_phase_status_registry.csv","phase_id=phase3c, track_id=C1, column=readiness_status",""
"Table 5.1","reportable result surfaces and interpretation boundaries","scientifically_reportable","dwh_c1_deterministic","True","output/final_reproducibility_package/final_phase_status_registry.csv","phase_id=phase3c, track_id=C1, column=scientifically_reportable",""
"Table 5.1","reportable result surfaces and interpretation boundaries","scientifically_frozen","dwh_c1_deterministic","True","output/final_reproducibility_package/final_phase_status_registry.csv","phase_id=phase3c, track_id=C1, column=scientifically_frozen",""
"Table 5.1","reportable result surfaces and interpretation boundaries","reportability_scope","dwh_c1_deterministic","external_rich_data_transfer_validation","output/final_reproducibility_package/final_phase_status_registry.csv","phase_id=phase3c, track_id=C1, column=reportability_scope",""
"Table 5.1","reportable result surfaces and interpretation boundaries","summary","dwh_c1_deterministic","Frozen DWH deterministic transfer-validation baseline. fss_1km=0.5033, fss_3km=0.5523, fss_5km=0.5700, fss_10km=0.6018","output/final_reproducibility_package/final_phase_status_registry.csv","phase_id=phase3c, track_id=C1, column=summary",""
"Table 5.1","reportable result surfaces and interpretation boundaries","main_blocker","dwh_c1_deterministic","","output/final_reproducibility_package/final_phase_status_registry.csv","phase_id=phase3c, track_id=C1, column=main_blocker",""
"Table 5.1","reportable result surfaces and interpretation boundaries","track_label","dwh_c2_ensemble_extension","DWH ensemble extension and deterministic-vs-ensemble comparison","output/final_reproducibility_package/final_phase_status_registry.csv","phase_id=phase3c, track_id=C2, column=track_label",""
"Table 5.1","reportable result surfaces and interpretation boundaries","readiness_status","dwh_c2_ensemble_extension","scientifically_reportable_transfer_validation","output/final_reproducibility_package/final_phase_status_registry.csv","phase_id=phase3c, track_id=C2, column=readiness_status",""
"Table 5.1","reportable result surfaces and interpretation boundaries","scientifically_reportable","dwh_c2_ensemble_extension","True","output/final_reproducibility_package/final_phase_status_registry.csv","phase_id=phase3c, track_id=C2, column=scientifically_reportable",""
"Table 5.1","reportable result surfaces and interpretation boundaries","scientifically_frozen","dwh_c2_ensemble_extension","True","output/final_reproducibility_package/final_phase_status_registry.csv","phase_id=phase3c, track_id=C2, column=scientifically_frozen",""
"Table 5.1","reportable result surfaces and interpretation boundaries","reportability_scope","dwh_c2_ensemble_extension","external_rich_data_transfer_validation","output/final_reproducibility_package/final_phase_status_registry.csv","phase_id=phase3c, track_id=C2, column=reportability_scope",""
"Table 5.1","reportable result surfaces and interpretation boundaries","summary","dwh_c2_ensemble_extension","Frozen DWH ensemble extension on the same truth masks; p50 preferred, p90 support-only. fss_1km=0.4997, fss_3km=0.5299, fss_5km=0.5467, fss_10km=0.5790","output/final_reproducibility_package/final_phase_status_registry.csv","phase_id=phase3c, track_id=C2, column=summary",""
"Table 5.1","reportable result surfaces and interpretation boundaries","main_blocker","dwh_c2_ensemble_extension","","output/final_reproducibility_package/final_phase_status_registry.csv","phase_id=phase3c, track_id=C2, column=main_blocker",""
"Table 5.1","reportable result surfaces and interpretation boundaries","track_label","dwh_c3_comparator","DWH PyGNOME comparator-only","output/final_reproducibility_package/final_phase_status_registry.csv","phase_id=phase3c, track_id=C3, column=track_label",""
"Table 5.1","reportable result surfaces and interpretation boundaries","readiness_status","dwh_c3_comparator","scientifically_reportable_comparator","output/final_reproducibility_package/final_phase_status_registry.csv","phase_id=phase3c, track_id=C3, column=readiness_status",""
"Table 5.1","reportable result surfaces and interpretation boundaries","scientifically_reportable","dwh_c3_comparator","True","output/final_reproducibility_package/final_phase_status_registry.csv","phase_id=phase3c, track_id=C3, column=scientifically_reportable",""
"Table 5.1","reportable result surfaces and interpretation boundaries","scientifically_frozen","dwh_c3_comparator","True","output/final_reproducibility_package/final_phase_status_registry.csv","phase_id=phase3c, track_id=C3, column=scientifically_frozen",""
"Table 5.1","reportable result surfaces and interpretation boundaries","reportability_scope","dwh_c3_comparator","cross_model_comparator","output/final_reproducibility_package/final_phase_status_registry.csv","phase_id=phase3c, track_id=C3, column=reportability_scope",""
"Table 5.1","reportable result surfaces and interpretation boundaries","summary","dwh_c3_comparator","Frozen DWH cross-model comparator; PyGNOME not truth. fss_1km=0.3197, fss_3km=0.3495, fss_5km=0.3689, fss_10km=0.4068","output/final_reproducibility_package/final_phase_status_registry.csv","phase_id=phase3c, track_id=C3, column=summary",""
"Table 5.1","reportable result surfaces and interpretation boundaries","main_blocker","dwh_c3_comparator","","output/final_reproducibility_package/final_phase_status_registry.csv","phase_id=phase3c, track_id=C3, column=main_blocker",""
"Table 5.1","reportable result surfaces and interpretation boundaries","track_label","mindoro_phase4_support","Mindoro Phase 4 oil-budget interpretation","output/final_reproducibility_package/final_phase_status_registry.csv","phase_id=phase4, track_id=mindoro_phase4, column=track_label",""
"Table 5.1","reportable result surfaces and interpretation boundaries","readiness_status","mindoro_phase4_support","scientifically_reportable_inherited_provisional","output/final_reproducibility_package/final_phase_status_registry.csv","phase_id=phase4, track_id=mindoro_phase4, column=readiness_status",""
"Table 5.1","reportable result surfaces and interpretation boundaries","scientifically_reportable","mindoro_phase4_support","True","output/final_reproducibility_package/final_phase_status_registry.csv","phase_id=phase4, track_id=mindoro_phase4, column=scientifically_reportable",""
"Table 5.1","reportable result surfaces and interpretation boundaries","scientifically_frozen","mindoro_phase4_support","False","output/final_reproducibility_package/final_phase_status_registry.csv","phase_id=phase4, track_id=mindoro_phase4, column=scientifically_frozen",""
"Table 5.1","reportable result surfaces and interpretation boundaries","reportability_scope","mindoro_phase4_support","mindoro_oil_type_and_shoreline_interpretation","output/final_reproducibility_package/final_phase_status_registry.csv","phase_id=phase4, track_id=mindoro_phase4, column=reportability_scope",""
"Table 5.1","reportable result surfaces and interpretation boundaries","summary","mindoro_phase4_support","Phase 4 OpenDrift/OpenOil-only interpretation; inherited-provisional.","output/final_reproducibility_package/final_phase_status_registry.csv","phase_id=phase4, track_id=mindoro_phase4, column=summary",""
"Table 5.1","reportable result surfaces and interpretation boundaries","main_blocker","mindoro_phase4_support","The frozen recipe still comes from three legacy prototype dates, not from a completed 2016-2022 regional drifter-segment study.","output/final_reproducibility_package/final_phase_status_registry.csv","phase_id=phase4, track_id=mindoro_phase4, column=main_blocker",""
"Table 5.7","DWH daily transfer-validation FSS results","fss_1km","C1 OpenDrift deterministic control 2010-05-21","0.3929240538781627","output/final_validation_package/final_validation_main_table.csv","track_id=C1, model_comparator=OpenDrift deterministic control, validation_dates=2010-05-21, column=fss_1km",""
"Table 5.7","DWH daily transfer-validation FSS results","fss_3km","C1 OpenDrift deterministic control 2010-05-21","0.4502826053749162","output/final_validation_package/final_validation_main_table.csv","track_id=C1, model_comparator=OpenDrift deterministic control, validation_dates=2010-05-21, column=fss_3km",""
"Table 5.7","DWH daily transfer-validation FSS results","fss_5km","C1 OpenDrift deterministic control 2010-05-21","0.4692022064514385","output/final_validation_package/final_validation_main_table.csv","track_id=C1, model_comparator=OpenDrift deterministic control, validation_dates=2010-05-21, column=fss_5km",""
"Table 5.7","DWH daily transfer-validation FSS results","fss_10km","C1 OpenDrift deterministic control 2010-05-21","0.502935699100052","output/final_validation_package/final_validation_main_table.csv","track_id=C1, model_comparator=OpenDrift deterministic control, validation_dates=2010-05-21, column=fss_10km",""
"Table 5.7","DWH daily transfer-validation FSS results","mean_fss","C1 OpenDrift deterministic control 2010-05-21","0.45383614120114235","output/final_validation_package/final_validation_main_table.csv","track_id=C1, model_comparator=OpenDrift deterministic control, validation_dates=2010-05-21, column=mean_fss",""
"Table 5.7","DWH daily transfer-validation FSS results","observation_mask_path","C1 OpenDrift deterministic control 2010-05-21","output/CASE_DWH_RETRO_2010_72H/phase3c_external_case_setup/obs_mask_2010-05-21.tif","output/CASE_DWH_RETRO_2010_72H/phase3c_external_case_run/phase3c_pairing_manifest.csv","validation_dates=2010-05-21, observation_path",""
"Table 5.7","DWH daily transfer-validation FSS results","fss_1km","C1 OpenDrift deterministic control 2010-05-21_to_2010-05-23","0.5032507503688254","output/final_validation_package/final_validation_main_table.csv","track_id=C1, model_comparator=OpenDrift deterministic control, validation_dates=2010-05-21_to_2010-05-23, column=fss_1km",""
"Table 5.7","DWH daily transfer-validation FSS results","fss_3km","C1 OpenDrift deterministic control 2010-05-21_to_2010-05-23","0.5522595364660361","output/final_validation_package/final_validation_main_table.csv","track_id=C1, model_comparator=OpenDrift deterministic control, validation_dates=2010-05-21_to_2010-05-23, column=fss_3km",""
"Table 5.7","DWH daily transfer-validation FSS results","fss_5km","C1 OpenDrift deterministic control 2010-05-21_to_2010-05-23","0.5699509237431393","output/final_validation_package/final_validation_main_table.csv","track_id=C1, model_comparator=OpenDrift deterministic control, validation_dates=2010-05-21_to_2010-05-23, column=fss_5km",""
"Table 5.7","DWH daily transfer-validation FSS results","fss_10km","C1 OpenDrift deterministic control 2010-05-21_to_2010-05-23","0.6018332061372648","output/final_validation_package/final_validation_main_table.csv","track_id=C1, model_comparator=OpenDrift deterministic control, validation_dates=2010-05-21_to_2010-05-23, column=fss_10km",""
"Table 5.7","DWH daily transfer-validation FSS results","mean_fss","C1 OpenDrift deterministic control 2010-05-21_to_2010-05-23","0.5568236041788164","output/final_validation_package/final_validation_main_table.csv","track_id=C1, model_comparator=OpenDrift deterministic control, validation_dates=2010-05-21_to_2010-05-23, column=mean_fss",""
"Table 5.7","DWH daily transfer-validation FSS results","observation_mask_path","C1 OpenDrift deterministic control 2010-05-21_to_2010-05-23","","output/CASE_DWH_RETRO_2010_72H/phase3c_external_case_run/phase3c_pairing_manifest.csv","validation_dates=2010-05-21_to_2010-05-23, observation_path",""
"Table 5.7","DWH daily transfer-validation FSS results","fss_1km","C1 OpenDrift deterministic control 2010-05-22","0.4151056197688322","output/final_validation_package/final_validation_main_table.csv","track_id=C1, model_comparator=OpenDrift deterministic control, validation_dates=2010-05-22, column=fss_1km",""
"Table 5.7","DWH daily transfer-validation FSS results","fss_3km","C1 OpenDrift deterministic control 2010-05-22","0.4739006448409186","output/final_validation_package/final_validation_main_table.csv","track_id=C1, model_comparator=OpenDrift deterministic control, validation_dates=2010-05-22, column=fss_3km",""
"Table 5.7","DWH daily transfer-validation FSS results","fss_5km","C1 OpenDrift deterministic control 2010-05-22","0.4965901046519223","output/final_validation_package/final_validation_main_table.csv","track_id=C1, model_comparator=OpenDrift deterministic control, validation_dates=2010-05-22, column=fss_5km",""
"Table 5.7","DWH daily transfer-validation FSS results","fss_10km","C1 OpenDrift deterministic control 2010-05-22","0.5375688001709893","output/final_validation_package/final_validation_main_table.csv","track_id=C1, model_comparator=OpenDrift deterministic control, validation_dates=2010-05-22, column=fss_10km",""
"Table 5.7","DWH daily transfer-validation FSS results","mean_fss","C1 OpenDrift deterministic control 2010-05-22","0.4807912923581656","output/final_validation_package/final_validation_main_table.csv","track_id=C1, model_comparator=OpenDrift deterministic control, validation_dates=2010-05-22, column=mean_fss",""
"Table 5.7","DWH daily transfer-validation FSS results","observation_mask_path","C1 OpenDrift deterministic control 2010-05-22","output/CASE_DWH_RETRO_2010_72H/phase3c_external_case_setup/obs_mask_2010-05-22.tif","output/CASE_DWH_RETRO_2010_72H/phase3c_external_case_run/phase3c_pairing_manifest.csv","validation_dates=2010-05-22, observation_path",""
"Table 5.7","DWH daily transfer-validation FSS results","fss_1km","C1 OpenDrift deterministic control 2010-05-23","0.3623263172375842","output/final_validation_package/final_validation_main_table.csv","track_id=C1, model_comparator=OpenDrift deterministic control, validation_dates=2010-05-23, column=fss_1km",""
"Table 5.7","DWH daily transfer-validation FSS results","fss_3km","C1 OpenDrift deterministic control 2010-05-23","0.4081119148971579","output/final_validation_package/final_validation_main_table.csv","track_id=C1, model_comparator=OpenDrift deterministic control, validation_dates=2010-05-23, column=fss_3km",""
"Table 5.7","DWH daily transfer-validation FSS results","fss_5km","C1 OpenDrift deterministic control 2010-05-23","0.4258838521947463","output/final_validation_package/final_validation_main_table.csv","track_id=C1, model_comparator=OpenDrift deterministic control, validation_dates=2010-05-23, column=fss_5km",""
"Table 5.7","DWH daily transfer-validation FSS results","fss_10km","C1 OpenDrift deterministic control 2010-05-23","0.4620170046732202","output/final_validation_package/final_validation_main_table.csv","track_id=C1, model_comparator=OpenDrift deterministic control, validation_dates=2010-05-23, column=fss_10km",""
"Table 5.7","DWH daily transfer-validation FSS results","mean_fss","C1 OpenDrift deterministic control 2010-05-23","0.41458477225067714","output/final_validation_package/final_validation_main_table.csv","track_id=C1, model_comparator=OpenDrift deterministic control, validation_dates=2010-05-23, column=mean_fss",""
"Table 5.7","DWH daily transfer-validation FSS results","observation_mask_path","C1 OpenDrift deterministic control 2010-05-23","output/CASE_DWH_RETRO_2010_72H/phase3c_external_case_setup/obs_mask_2010-05-23.tif","output/CASE_DWH_RETRO_2010_72H/phase3c_external_case_run/phase3c_pairing_manifest.csv","validation_dates=2010-05-23, observation_path",""
"Table 5.7","DWH daily transfer-validation FSS results","fss_1km","C2 OpenDrift ensemble p50 2010-05-21","0.4167311853572349","output/final_validation_package/final_validation_main_table.csv","track_id=C2, model_comparator=OpenDrift ensemble p50, validation_dates=2010-05-21, column=fss_1km",""
"Table 5.7","DWH daily transfer-validation FSS results","fss_3km","C2 OpenDrift ensemble p50 2010-05-21","0.444215305254616","output/final_validation_package/final_validation_main_table.csv","track_id=C2, model_comparator=OpenDrift ensemble p50, validation_dates=2010-05-21, column=fss_3km",""
"Table 5.7","DWH daily transfer-validation FSS results","fss_5km","C2 OpenDrift ensemble p50 2010-05-21","0.4597503684845949","output/final_validation_package/final_validation_main_table.csv","track_id=C2, model_comparator=OpenDrift ensemble p50, validation_dates=2010-05-21, column=fss_5km",""
"Table 5.7","DWH daily transfer-validation FSS results","fss_10km","C2 OpenDrift ensemble p50 2010-05-21","0.491068646512929","output/final_validation_package/final_validation_main_table.csv","track_id=C2, model_comparator=OpenDrift ensemble p50, validation_dates=2010-05-21, column=fss_10km",""
"Table 5.7","DWH daily transfer-validation FSS results","mean_fss","C2 OpenDrift ensemble p50 2010-05-21","0.4529413764023437","output/final_validation_package/final_validation_main_table.csv","track_id=C2, model_comparator=OpenDrift ensemble p50, validation_dates=2010-05-21, column=mean_fss",""
"Table 5.7","DWH daily transfer-validation FSS results","observation_mask_path","C2 OpenDrift ensemble p50 2010-05-21","output/CASE_DWH_RETRO_2010_72H/phase3c_external_case_setup/obs_mask_2010-05-21.tif","output/CASE_DWH_RETRO_2010_72H/phase3c_external_case_run/phase3c_pairing_manifest.csv","validation_dates=2010-05-21, observation_path",""
"Table 5.7","DWH daily transfer-validation FSS results","fss_1km","C2 OpenDrift ensemble p50 2010-05-21_to_2010-05-23","0.4997350016107745","output/final_validation_package/final_validation_main_table.csv","track_id=C2, model_comparator=OpenDrift ensemble p50, validation_dates=2010-05-21_to_2010-05-23, column=fss_1km",""
"Table 5.7","DWH daily transfer-validation FSS results","fss_3km","C2 OpenDrift ensemble p50 2010-05-21_to_2010-05-23","0.529937889293113","output/final_validation_package/final_validation_main_table.csv","track_id=C2, model_comparator=OpenDrift ensemble p50, validation_dates=2010-05-21_to_2010-05-23, column=fss_3km",""
"Table 5.7","DWH daily transfer-validation FSS results","fss_5km","C2 OpenDrift ensemble p50 2010-05-21_to_2010-05-23","0.5467342141741067","output/final_validation_package/final_validation_main_table.csv","track_id=C2, model_comparator=OpenDrift ensemble p50, validation_dates=2010-05-21_to_2010-05-23, column=fss_5km",""
"Table 5.7","DWH daily transfer-validation FSS results","fss_10km","C2 OpenDrift ensemble p50 2010-05-21_to_2010-05-23","0.579021336824227","output/final_validation_package/final_validation_main_table.csv","track_id=C2, model_comparator=OpenDrift ensemble p50, validation_dates=2010-05-21_to_2010-05-23, column=fss_10km",""
"Table 5.7","DWH daily transfer-validation FSS results","mean_fss","C2 OpenDrift ensemble p50 2010-05-21_to_2010-05-23","0.5388571104755553","output/final_validation_package/final_validation_main_table.csv","track_id=C2, model_comparator=OpenDrift ensemble p50, validation_dates=2010-05-21_to_2010-05-23, column=mean_fss",""
"Table 5.7","DWH daily transfer-validation FSS results","observation_mask_path","C2 OpenDrift ensemble p50 2010-05-21_to_2010-05-23","","output/CASE_DWH_RETRO_2010_72H/phase3c_external_case_run/phase3c_pairing_manifest.csv","validation_dates=2010-05-21_to_2010-05-23, observation_path",""
"Table 5.7","DWH daily transfer-validation FSS results","fss_1km","C2 OpenDrift ensemble p50 2010-05-22","0.4886859865025804","output/final_validation_package/final_validation_main_table.csv","track_id=C2, model_comparator=OpenDrift ensemble p50, validation_dates=2010-05-22, column=fss_1km",""
"Table 5.7","DWH daily transfer-validation FSS results","fss_3km","C2 OpenDrift ensemble p50 2010-05-22","0.5278173845318348","output/final_validation_package/final_validation_main_table.csv","track_id=C2, model_comparator=OpenDrift ensemble p50, validation_dates=2010-05-22, column=fss_3km",""
"Table 5.7","DWH daily transfer-validation FSS results","fss_5km","C2 OpenDrift ensemble p50 2010-05-22","0.5503094005366749","output/final_validation_package/final_validation_main_table.csv","track_id=C2, model_comparator=OpenDrift ensemble p50, validation_dates=2010-05-22, column=fss_5km",""
"Table 5.7","DWH daily transfer-validation FSS results","fss_10km","C2 OpenDrift ensemble p50 2010-05-22","0.5962287233937766","output/final_validation_package/final_validation_main_table.csv","track_id=C2, model_comparator=OpenDrift ensemble p50, validation_dates=2010-05-22, column=fss_10km",""
"Table 5.7","DWH daily transfer-validation FSS results","mean_fss","C2 OpenDrift ensemble p50 2010-05-22","0.5407603737412167","output/final_validation_package/final_validation_main_table.csv","track_id=C2, model_comparator=OpenDrift ensemble p50, validation_dates=2010-05-22, column=mean_fss",""
"Table 5.7","DWH daily transfer-validation FSS results","observation_mask_path","C2 OpenDrift ensemble p50 2010-05-22","output/CASE_DWH_RETRO_2010_72H/phase3c_external_case_setup/obs_mask_2010-05-22.tif","output/CASE_DWH_RETRO_2010_72H/phase3c_external_case_run/phase3c_pairing_manifest.csv","validation_dates=2010-05-22, observation_path",""
"Table 5.7","DWH daily transfer-validation FSS results","fss_1km","C2 OpenDrift ensemble p50 2010-05-23","0.4290579276118764","output/final_validation_package/final_validation_main_table.csv","track_id=C2, model_comparator=OpenDrift ensemble p50, validation_dates=2010-05-23, column=fss_1km",""
"Table 5.7","DWH daily transfer-validation FSS results","fss_3km","C2 OpenDrift ensemble p50 2010-05-23","0.4604353790410878","output/final_validation_package/final_validation_main_table.csv","track_id=C2, model_comparator=OpenDrift ensemble p50, validation_dates=2010-05-23, column=fss_3km",""
"Table 5.7","DWH daily transfer-validation FSS results","fss_5km","C2 OpenDrift ensemble p50 2010-05-23","0.4798621984061918","output/final_validation_package/final_validation_main_table.csv","track_id=C2, model_comparator=OpenDrift ensemble p50, validation_dates=2010-05-23, column=fss_5km",""
"Table 5.7","DWH daily transfer-validation FSS results","fss_10km","C2 OpenDrift ensemble p50 2010-05-23","0.5213871391060373","output/final_validation_package/final_validation_main_table.csv","track_id=C2, model_comparator=OpenDrift ensemble p50, validation_dates=2010-05-23, column=fss_10km",""
"Table 5.7","DWH daily transfer-validation FSS results","mean_fss","C2 OpenDrift ensemble p50 2010-05-23","0.4726856610412983","output/final_validation_package/final_validation_main_table.csv","track_id=C2, model_comparator=OpenDrift ensemble p50, validation_dates=2010-05-23, column=mean_fss",""
"Table 5.7","DWH daily transfer-validation FSS results","observation_mask_path","C2 OpenDrift ensemble p50 2010-05-23","output/CASE_DWH_RETRO_2010_72H/phase3c_external_case_setup/obs_mask_2010-05-23.tif","output/CASE_DWH_RETRO_2010_72H/phase3c_external_case_run/phase3c_pairing_manifest.csv","validation_dates=2010-05-23, observation_path",""
"Table 5.7","DWH daily transfer-validation FSS results","fss_1km","C2 OpenDrift ensemble p90 2010-05-21","0.4435495637456593","output/final_validation_package/final_validation_main_table.csv","track_id=C2, model_comparator=OpenDrift ensemble p90, validation_dates=2010-05-21, column=fss_1km",""
"Table 5.7","DWH daily transfer-validation FSS results","fss_3km","C2 OpenDrift ensemble p90 2010-05-21","0.4848458416923928","output/final_validation_package/final_validation_main_table.csv","track_id=C2, model_comparator=OpenDrift ensemble p90, validation_dates=2010-05-21, column=fss_3km",""
"Table 5.7","DWH daily transfer-validation FSS results","fss_5km","C2 OpenDrift ensemble p90 2010-05-21","0.503548275306642","output/final_validation_package/final_validation_main_table.csv","track_id=C2, model_comparator=OpenDrift ensemble p90, validation_dates=2010-05-21, column=fss_5km",""
"Table 5.7","DWH daily transfer-validation FSS results","fss_10km","C2 OpenDrift ensemble p90 2010-05-21","0.5399640932860689","output/final_validation_package/final_validation_main_table.csv","track_id=C2, model_comparator=OpenDrift ensemble p90, validation_dates=2010-05-21, column=fss_10km",""
"Table 5.7","DWH daily transfer-validation FSS results","mean_fss","C2 OpenDrift ensemble p90 2010-05-21","0.4929769435076907","output/final_validation_package/final_validation_main_table.csv","track_id=C2, model_comparator=OpenDrift ensemble p90, validation_dates=2010-05-21, column=mean_fss",""
"Table 5.7","DWH daily transfer-validation FSS results","observation_mask_path","C2 OpenDrift ensemble p90 2010-05-21","output/CASE_DWH_RETRO_2010_72H/phase3c_external_case_setup/obs_mask_2010-05-21.tif","output/CASE_DWH_RETRO_2010_72H/phase3c_external_case_run/phase3c_pairing_manifest.csv","validation_dates=2010-05-21, observation_path",""
"Table 5.7","DWH daily transfer-validation FSS results","fss_1km","C2 OpenDrift ensemble p90 2010-05-21_to_2010-05-23","0.454211234583316","output/final_validation_package/final_validation_main_table.csv","track_id=C2, model_comparator=OpenDrift ensemble p90, validation_dates=2010-05-21_to_2010-05-23, column=fss_1km",""
"Table 5.7","DWH daily transfer-validation FSS results","fss_3km","C2 OpenDrift ensemble p90 2010-05-21_to_2010-05-23","0.4892338935942897","output/final_validation_package/final_validation_main_table.csv","track_id=C2, model_comparator=OpenDrift ensemble p90, validation_dates=2010-05-21_to_2010-05-23, column=fss_3km",""
"Table 5.7","DWH daily transfer-validation FSS results","fss_5km","C2 OpenDrift ensemble p90 2010-05-21_to_2010-05-23","0.5062105106404822","output/final_validation_package/final_validation_main_table.csv","track_id=C2, model_comparator=OpenDrift ensemble p90, validation_dates=2010-05-21_to_2010-05-23, column=fss_5km",""
"Table 5.7","DWH daily transfer-validation FSS results","fss_10km","C2 OpenDrift ensemble p90 2010-05-21_to_2010-05-23","0.536833105337341","output/final_validation_package/final_validation_main_table.csv","track_id=C2, model_comparator=OpenDrift ensemble p90, validation_dates=2010-05-21_to_2010-05-23, column=fss_10km",""
"Table 5.7","DWH daily transfer-validation FSS results","mean_fss","C2 OpenDrift ensemble p90 2010-05-21_to_2010-05-23","0.4966221860388572","output/final_validation_package/final_validation_main_table.csv","track_id=C2, model_comparator=OpenDrift ensemble p90, validation_dates=2010-05-21_to_2010-05-23, column=mean_fss",""
"Table 5.7","DWH daily transfer-validation FSS results","observation_mask_path","C2 OpenDrift ensemble p90 2010-05-21_to_2010-05-23","","output/CASE_DWH_RETRO_2010_72H/phase3c_external_case_run/phase3c_pairing_manifest.csv","validation_dates=2010-05-21_to_2010-05-23, observation_path",""
"Table 5.7","DWH daily transfer-validation FSS results","fss_1km","C2 OpenDrift ensemble p90 2010-05-22","0.4361287448490923","output/final_validation_package/final_validation_main_table.csv","track_id=C2, model_comparator=OpenDrift ensemble p90, validation_dates=2010-05-22, column=fss_1km",""
"Table 5.7","DWH daily transfer-validation FSS results","fss_3km","C2 OpenDrift ensemble p90 2010-05-22","0.4766774772160339","output/final_validation_package/final_validation_main_table.csv","track_id=C2, model_comparator=OpenDrift ensemble p90, validation_dates=2010-05-22, column=fss_3km",""
"Table 5.7","DWH daily transfer-validation FSS results","fss_5km","C2 OpenDrift ensemble p90 2010-05-22","0.4979199494220134","output/final_validation_package/final_validation_main_table.csv","track_id=C2, model_comparator=OpenDrift ensemble p90, validation_dates=2010-05-22, column=fss_5km",""
"Table 5.7","DWH daily transfer-validation FSS results","fss_10km","C2 OpenDrift ensemble p90 2010-05-22","0.5374651365296192","output/final_validation_package/final_validation_main_table.csv","track_id=C2, model_comparator=OpenDrift ensemble p90, validation_dates=2010-05-22, column=fss_10km",""
"Table 5.7","DWH daily transfer-validation FSS results","mean_fss","C2 OpenDrift ensemble p90 2010-05-22","0.4870478270041897","output/final_validation_package/final_validation_main_table.csv","track_id=C2, model_comparator=OpenDrift ensemble p90, validation_dates=2010-05-22, column=mean_fss",""
"Table 5.7","DWH daily transfer-validation FSS results","observation_mask_path","C2 OpenDrift ensemble p90 2010-05-22","output/CASE_DWH_RETRO_2010_72H/phase3c_external_case_setup/obs_mask_2010-05-22.tif","output/CASE_DWH_RETRO_2010_72H/phase3c_external_case_run/phase3c_pairing_manifest.csv","validation_dates=2010-05-22, observation_path",""
"Table 5.7","DWH daily transfer-validation FSS results","fss_1km","C2 OpenDrift ensemble p90 2010-05-23","0.4038649985187211","output/final_validation_package/final_validation_main_table.csv","track_id=C2, model_comparator=OpenDrift ensemble p90, validation_dates=2010-05-23, column=fss_1km",""
"Table 5.7","DWH daily transfer-validation FSS results","fss_3km","C2 OpenDrift ensemble p90 2010-05-23","0.4347767937705259","output/final_validation_package/final_validation_main_table.csv","track_id=C2, model_comparator=OpenDrift ensemble p90, validation_dates=2010-05-23, column=fss_3km",""
"Table 5.7","DWH daily transfer-validation FSS results","fss_5km","C2 OpenDrift ensemble p90 2010-05-23","0.4520240552226734","output/final_validation_package/final_validation_main_table.csv","track_id=C2, model_comparator=OpenDrift ensemble p90, validation_dates=2010-05-23, column=fss_5km",""
"Table 5.7","DWH daily transfer-validation FSS results","fss_10km","C2 OpenDrift ensemble p90 2010-05-23","0.4862824745799448","output/final_validation_package/final_validation_main_table.csv","track_id=C2, model_comparator=OpenDrift ensemble p90, validation_dates=2010-05-23, column=fss_10km",""
"Table 5.7","DWH daily transfer-validation FSS results","mean_fss","C2 OpenDrift ensemble p90 2010-05-23","0.4442370805229663","output/final_validation_package/final_validation_main_table.csv","track_id=C2, model_comparator=OpenDrift ensemble p90, validation_dates=2010-05-23, column=mean_fss",""
"Table 5.7","DWH daily transfer-validation FSS results","observation_mask_path","C2 OpenDrift ensemble p90 2010-05-23","output/CASE_DWH_RETRO_2010_72H/phase3c_external_case_setup/obs_mask_2010-05-23.tif","output/CASE_DWH_RETRO_2010_72H/phase3c_external_case_run/phase3c_pairing_manifest.csv","validation_dates=2010-05-23, observation_path",""
"Table 5.8","DWH track-level summary","track_label","C1","DWH deterministic external transfer validation","output/final_reproducibility_package/final_phase_status_registry.csv","phase_id=phase3c, track_id=C1, column=track_label",""
"Table 5.8","DWH track-level summary","reportability_scope","C1","external_rich_data_transfer_validation","output/final_reproducibility_package/final_phase_status_registry.csv","phase_id=phase3c, track_id=C1, column=reportability_scope",""
"Table 5.8","DWH track-level summary","scientifically_frozen","C1","True","output/final_reproducibility_package/final_phase_status_registry.csv","phase_id=phase3c, track_id=C1, column=scientifically_frozen",""
"Table 5.8","DWH track-level summary","event_corridor_mean_fss","C1","0.5568236041788164","output/final_validation_package/final_validation_main_table.csv","track_id=C1, validation_dates=2010-05-21_to_2010-05-23, column=mean_fss",""
"Table 5.8","DWH track-level summary","summary","C1","Frozen DWH deterministic transfer-validation baseline. fss_1km=0.5033, fss_3km=0.5523, fss_5km=0.5700, fss_10km=0.6018","output/final_reproducibility_package/final_phase_status_registry.csv","phase_id=phase3c, track_id=C1, column=summary",""
"Table 5.8","DWH track-level summary","interpretation_boundary","C1","public daily masks as truth; deterministic baseline","output/final_reproducibility_package/final_phase_status_registry.csv","phase_id=phase3c, track_id=C1",""
"Table 5.8","DWH track-level summary","track_label","C2","DWH ensemble extension and deterministic-vs-ensemble comparison","output/final_reproducibility_package/final_phase_status_registry.csv","phase_id=phase3c, track_id=C2, column=track_label",""
"Table 5.8","DWH track-level summary","reportability_scope","C2","external_rich_data_transfer_validation","output/final_reproducibility_package/final_phase_status_registry.csv","phase_id=phase3c, track_id=C2, column=reportability_scope",""
"Table 5.8","DWH track-level summary","scientifically_frozen","C2","True","output/final_reproducibility_package/final_phase_status_registry.csv","phase_id=phase3c, track_id=C2, column=scientifically_frozen",""
"Table 5.8","DWH track-level summary","event_corridor_mean_fss","C2","0.5388571104755553","output/final_validation_package/final_validation_main_table.csv","track_id=C2, validation_dates=2010-05-21_to_2010-05-23, column=mean_fss",""
"Table 5.8","DWH track-level summary","summary","C2","Frozen DWH ensemble extension on the same truth masks; p50 preferred, p90 support-only. fss_1km=0.4997, fss_3km=0.5299, fss_5km=0.5467, fss_10km=0.5790","output/final_reproducibility_package/final_phase_status_registry.csv","phase_id=phase3c, track_id=C2, column=summary",""
"Table 5.8","DWH track-level summary","interpretation_boundary","C2","public daily masks as truth; p50 preferred, p90 support-only","output/final_reproducibility_package/final_phase_status_registry.csv","phase_id=phase3c, track_id=C2",""
"Table 5.8","DWH track-level summary","track_label","C3","DWH PyGNOME comparator-only","output/final_reproducibility_package/final_phase_status_registry.csv","phase_id=phase3c, track_id=C3, column=track_label",""
"Table 5.8","DWH track-level summary","reportability_scope","C3","cross_model_comparator","output/final_reproducibility_package/final_phase_status_registry.csv","phase_id=phase3c, track_id=C3, column=reportability_scope",""
"Table 5.8","DWH track-level summary","scientifically_frozen","C3","True","output/final_reproducibility_package/final_phase_status_registry.csv","phase_id=phase3c, track_id=C3, column=scientifically_frozen",""
"Table 5.8","DWH track-level summary","event_corridor_mean_fss","C3","0.36123855964520113","output/final_validation_package/final_validation_main_table.csv","track_id=C3, validation_dates=2010-05-21_to_2010-05-23, column=mean_fss",""
"Table 5.8","DWH track-level summary","summary","C3","Frozen DWH cross-model comparator; PyGNOME not truth. fss_1km=0.3197, fss_3km=0.3495, fss_5km=0.3689, fss_10km=0.4068","output/final_reproducibility_package/final_phase_status_registry.csv","phase_id=phase3c, track_id=C3, column=summary",""
"Table 5.8","DWH track-level summary","interpretation_boundary","C3","comparator-only; PyGNOME not truth","output/final_reproducibility_package/final_phase_status_registry.csv","phase_id=phase3c, track_id=C3",""
"Table 5.8","DWH track-level summary","per_date_mean_fss","C3","2010-05-21=0.24341802004227403 | 2010-05-22=0.25394877735108246 | 2010-05-23=0.2532064680754552","output/final_validation_package/final_validation_main_table.csv","track_id=C3, result_scope=per_date, column=mean_fss","Comparator metrics are support-only."
"Table 5.9","Mindoro Phase 4 oil-budget summary","surface_pct","fixed_base_medium_heavy_proxy","","output/phase4/CASE_MINDORO_RETRO_2023/phase4_oil_budget_summary.csv","scenario_id=fixed_base_medium_heavy_proxy, column=surface_pct","Support/context only."
"Table 5.9","Mindoro Phase 4 oil-budget summary","evaporated_pct","fixed_base_medium_heavy_proxy","","output/phase4/CASE_MINDORO_RETRO_2023/phase4_oil_budget_summary.csv","scenario_id=fixed_base_medium_heavy_proxy, column=evaporated_pct","Support/context only."
"Table 5.9","Mindoro Phase 4 oil-budget summary","dispersed_pct","fixed_base_medium_heavy_proxy","","output/phase4/CASE_MINDORO_RETRO_2023/phase4_oil_budget_summary.csv","scenario_id=fixed_base_medium_heavy_proxy, column=dispersed_pct","Support/context only."
"Table 5.9","Mindoro Phase 4 oil-budget summary","beached_pct","fixed_base_medium_heavy_proxy","","output/phase4/CASE_MINDORO_RETRO_2023/phase4_oil_budget_summary.csv","scenario_id=fixed_base_medium_heavy_proxy, column=beached_pct","Support/context only."
"Table 5.9","Mindoro Phase 4 oil-budget summary","qc_passed","fixed_base_medium_heavy_proxy","False","output/phase4/CASE_MINDORO_RETRO_2023/phase4_oil_budget_summary.csv","scenario_id=fixed_base_medium_heavy_proxy, column=qc_passed","Support/context only."
"Table 5.9","Mindoro Phase 4 oil-budget summary","max_mass_balance_deviation_pct","fixed_base_medium_heavy_proxy","4.23","output/phase4/CASE_MINDORO_RETRO_2023/phase4_oil_budget_summary.csv","scenario_id=fixed_base_medium_heavy_proxy, column=max_mass_balance_deviation_pct","Support/context only."
"Table 5.10","Mindoro Phase 4 shoreline summary","impacted_segment_count","fixed_base_medium_heavy_proxy","10","output/phase4/CASE_MINDORO_RETRO_2023/phase4_shoreline_arrival.csv","scenario_id=fixed_base_medium_heavy_proxy, column=impacted_segment_count","Support/context only."
"Table 5.10","Mindoro Phase 4 shoreline summary","first_shoreline_arrival_utc","fixed_base_medium_heavy_proxy","2023-03-03T13:59:00Z","output/phase4/CASE_MINDORO_RETRO_2023/phase4_shoreline_arrival.csv","scenario_id=fixed_base_medium_heavy_proxy, column=first_shoreline_arrival_utc","Support/context only."
"Table 5.10","Mindoro Phase 4 shoreline summary","first_shoreline_arrival_h","fixed_base_medium_heavy_proxy","4.0","output/phase4/CASE_MINDORO_RETRO_2023/phase4_shoreline_arrival.csv","scenario_id=fixed_base_medium_heavy_proxy, column=first_shoreline_arrival_h","Support/context only."
"Table 5.10","Mindoro Phase 4 shoreline summary","latest_first_arrival_utc","fixed_base_medium_heavy_proxy","2023-03-04T05:59:00Z","output/phase4/CASE_MINDORO_RETRO_2023/phase4_shoreline_segments.csv","scenario_id=fixed_base_medium_heavy_proxy, grouped max first_arrival_h","Support/context only."
"Table 5.10","Mindoro Phase 4 shoreline summary","latest_first_arrival_h","fixed_base_medium_heavy_proxy","20.0","output/phase4/CASE_MINDORO_RETRO_2023/phase4_shoreline_segments.csv","scenario_id=fixed_base_medium_heavy_proxy, grouped max first_arrival_h","Support/context only."
"Table 5.10","Mindoro Phase 4 shoreline summary","total_beached_kg","fixed_base_medium_heavy_proxy","34864.889","output/phase4/CASE_MINDORO_RETRO_2023/phase4_shoreline_arrival.csv","scenario_id=fixed_base_medium_heavy_proxy, column=total_beached_kg","Support/context only."
"Table 5.10","Mindoro Phase 4 shoreline summary","max_beached_segment_id","fixed_base_medium_heavy_proxy","shoreline_00324","output/phase4/CASE_MINDORO_RETRO_2023/phase4_shoreline_segments.csv","scenario_id=fixed_base_medium_heavy_proxy, grouped max beached_kg","Support/context only."
"Table 5.10","Mindoro Phase 4 shoreline summary","max_beached_segment_kg","fixed_base_medium_heavy_proxy","","output/phase4/CASE_MINDORO_RETRO_2023/phase4_shoreline_segments.csv","scenario_id=fixed_base_medium_heavy_proxy, grouped max beached_kg","Support/context only."
"Table 5.9","Mindoro Phase 4 oil-budget summary","surface_pct","heavier_oil","","output/phase4/CASE_MINDORO_RETRO_2023/phase4_oil_budget_summary.csv","scenario_id=heavier_oil, column=surface_pct","Support/context only."
"Table 5.9","Mindoro Phase 4 oil-budget summary","evaporated_pct","heavier_oil","","output/phase4/CASE_MINDORO_RETRO_2023/phase4_oil_budget_summary.csv","scenario_id=heavier_oil, column=evaporated_pct","Support/context only."
"Table 5.9","Mindoro Phase 4 oil-budget summary","dispersed_pct","heavier_oil","","output/phase4/CASE_MINDORO_RETRO_2023/phase4_oil_budget_summary.csv","scenario_id=heavier_oil, column=dispersed_pct","Support/context only."
"Table 5.9","Mindoro Phase 4 oil-budget summary","beached_pct","heavier_oil","","output/phase4/CASE_MINDORO_RETRO_2023/phase4_oil_budget_summary.csv","scenario_id=heavier_oil, column=beached_pct","Support/context only."
"Table 5.9","Mindoro Phase 4 oil-budget summary","qc_passed","heavier_oil","True","output/phase4/CASE_MINDORO_RETRO_2023/phase4_oil_budget_summary.csv","scenario_id=heavier_oil, column=qc_passed","Support/context only."
"Table 5.9","Mindoro Phase 4 oil-budget summary","max_mass_balance_deviation_pct","heavier_oil","0.03","output/phase4/CASE_MINDORO_RETRO_2023/phase4_oil_budget_summary.csv","scenario_id=heavier_oil, column=max_mass_balance_deviation_pct","Support/context only."
"Table 5.10","Mindoro Phase 4 shoreline summary","impacted_segment_count","heavier_oil","11","output/phase4/CASE_MINDORO_RETRO_2023/phase4_shoreline_arrival.csv","scenario_id=heavier_oil, column=impacted_segment_count","Support/context only."
"Table 5.10","Mindoro Phase 4 shoreline summary","first_shoreline_arrival_utc","heavier_oil","2023-03-03T13:59:00Z","output/phase4/CASE_MINDORO_RETRO_2023/phase4_shoreline_arrival.csv","scenario_id=heavier_oil, column=first_shoreline_arrival_utc","Support/context only."
"Table 5.10","Mindoro Phase 4 shoreline summary","first_shoreline_arrival_h","heavier_oil","4.0","output/phase4/CASE_MINDORO_RETRO_2023/phase4_shoreline_arrival.csv","scenario_id=heavier_oil, column=first_shoreline_arrival_h","Support/context only."
"Table 5.10","Mindoro Phase 4 shoreline summary","latest_first_arrival_utc","heavier_oil","2023-03-04T05:59:00Z","output/phase4/CASE_MINDORO_RETRO_2023/phase4_shoreline_segments.csv","scenario_id=heavier_oil, grouped max first_arrival_h","Support/context only."
"Table 5.10","Mindoro Phase 4 shoreline summary","latest_first_arrival_h","heavier_oil","20.0","output/phase4/CASE_MINDORO_RETRO_2023/phase4_shoreline_segments.csv","scenario_id=heavier_oil, grouped max first_arrival_h","Support/context only."
"Table 5.10","Mindoro Phase 4 shoreline summary","total_beached_kg","heavier_oil","37393.616","output/phase4/CASE_MINDORO_RETRO_2023/phase4_shoreline_arrival.csv","scenario_id=heavier_oil, column=total_beached_kg","Support/context only."
"Table 5.10","Mindoro Phase 4 shoreline summary","max_beached_segment_id","heavier_oil","shoreline_00324","output/phase4/CASE_MINDORO_RETRO_2023/phase4_shoreline_segments.csv","scenario_id=heavier_oil, grouped max beached_kg","Support/context only."
"Table 5.10","Mindoro Phase 4 shoreline summary","max_beached_segment_kg","heavier_oil","","output/phase4/CASE_MINDORO_RETRO_2023/phase4_shoreline_segments.csv","scenario_id=heavier_oil, grouped max beached_kg","Support/context only."
"Table 5.9","Mindoro Phase 4 oil-budget summary","surface_pct","lighter_oil","","output/phase4/CASE_MINDORO_RETRO_2023/phase4_oil_budget_summary.csv","scenario_id=lighter_oil, column=surface_pct","Support/context only."
"Table 5.9","Mindoro Phase 4 oil-budget summary","evaporated_pct","lighter_oil","","output/phase4/CASE_MINDORO_RETRO_2023/phase4_oil_budget_summary.csv","scenario_id=lighter_oil, column=evaporated_pct","Support/context only."
"Table 5.9","Mindoro Phase 4 oil-budget summary","dispersed_pct","lighter_oil","","output/phase4/CASE_MINDORO_RETRO_2023/phase4_oil_budget_summary.csv","scenario_id=lighter_oil, column=dispersed_pct","Support/context only."
"Table 5.9","Mindoro Phase 4 oil-budget summary","beached_pct","lighter_oil","","output/phase4/CASE_MINDORO_RETRO_2023/phase4_oil_budget_summary.csv","scenario_id=lighter_oil, column=beached_pct","Support/context only."
"Table 5.9","Mindoro Phase 4 oil-budget summary","qc_passed","lighter_oil","True","output/phase4/CASE_MINDORO_RETRO_2023/phase4_oil_budget_summary.csv","scenario_id=lighter_oil, column=qc_passed","Support/context only."
"Table 5.9","Mindoro Phase 4 oil-budget summary","max_mass_balance_deviation_pct","lighter_oil","0.69","output/phase4/CASE_MINDORO_RETRO_2023/phase4_oil_budget_summary.csv","scenario_id=lighter_oil, column=max_mass_balance_deviation_pct","Support/context only."
"Table 5.10","Mindoro Phase 4 shoreline summary","impacted_segment_count","lighter_oil","11","output/phase4/CASE_MINDORO_RETRO_2023/phase4_shoreline_arrival.csv","scenario_id=lighter_oil, column=impacted_segment_count","Support/context only."
"Table 5.10","Mindoro Phase 4 shoreline summary","first_shoreline_arrival_utc","lighter_oil","2023-03-03T13:59:00Z","output/phase4/CASE_MINDORO_RETRO_2023/phase4_shoreline_arrival.csv","scenario_id=lighter_oil, column=first_shoreline_arrival_utc","Support/context only."
"Table 5.10","Mindoro Phase 4 shoreline summary","first_shoreline_arrival_h","lighter_oil","4.0","output/phase4/CASE_MINDORO_RETRO_2023/phase4_shoreline_arrival.csv","scenario_id=lighter_oil, column=first_shoreline_arrival_h","Support/context only."
"Table 5.10","Mindoro Phase 4 shoreline summary","latest_first_arrival_utc","lighter_oil","2023-03-04T05:59:00Z","output/phase4/CASE_MINDORO_RETRO_2023/phase4_shoreline_segments.csv","scenario_id=lighter_oil, grouped max first_arrival_h","Support/context only."
"Table 5.10","Mindoro Phase 4 shoreline summary","latest_first_arrival_h","lighter_oil","20.0","output/phase4/CASE_MINDORO_RETRO_2023/phase4_shoreline_segments.csv","scenario_id=lighter_oil, grouped max first_arrival_h","Support/context only."
"Table 5.10","Mindoro Phase 4 shoreline summary","total_beached_kg","lighter_oil","5261.192","output/phase4/CASE_MINDORO_RETRO_2023/phase4_shoreline_arrival.csv","scenario_id=lighter_oil, column=total_beached_kg","Support/context only."
"Table 5.10","Mindoro Phase 4 shoreline summary","max_beached_segment_id","lighter_oil","shoreline_00324","output/phase4/CASE_MINDORO_RETRO_2023/phase4_shoreline_segments.csv","scenario_id=lighter_oil, grouped max beached_kg","Support/context only."
"Table 5.10","Mindoro Phase 4 shoreline summary","max_beached_segment_kg","lighter_oil","","output/phase4/CASE_MINDORO_RETRO_2023/phase4_shoreline_segments.csv","scenario_id=lighter_oil, grouped max beached_kg","Support/context only."
"Table 5.11","reproducibility and artifact-governance results","manifest_name","final_validation_package","final_validation_manifest.json","output/final_validation_package/final_validation_manifest.json","manifest file",""
"Table 5.11","reproducibility and artifact-governance results","inventory_or_row_count","final_validation_package","13","output/final_validation_package/final_validation_manifest.json","count field or directory count",""
"Table 5.11","reproducibility and artifact-governance results","notes","final_validation_package","final_validation_main_table.csv | final_validation_case_registry.csv | final_validation_benchmark_table.csv | final_validation_observation_table.csv | final_validation_limitations.csv","output/final_validation_package/final_validation_manifest.json","inventory note",""
"Table 5.11","reproducibility and artifact-governance results","manifest_name","final_reproducibility_package","final_reproducibility_manifest.json","output/final_reproducibility_package/final_reproducibility_manifest.json","manifest file",""
"Table 5.11","reproducibility and artifact-governance results","inventory_or_row_count","final_reproducibility_package","12","output/final_reproducibility_package/final_reproducibility_manifest.json","count field or directory count",""
"Table 5.11","reproducibility and artifact-governance results","notes","final_reproducibility_package","final_manifest_index.csv | final_output_catalog.csv | final_phase_status_registry.csv | final_case_registry.csv | final_config_snapshot_index.csv | final_log_index.csv | software_versions.csv","output/final_reproducibility_package/final_reproducibility_manifest.json","inventory note",""
"Table 5.11","reproducibility and artifact-governance results","manifest_name","figure_package_publication","publication_figure_manifest.json","output/figure_package_publication/publication_figure_manifest.json","manifest file",""
"Table 5.11","reproducibility and artifact-governance results","inventory_or_row_count","figure_package_publication","127","output/figure_package_publication/publication_figure_manifest.json","count field or directory count",""
"Table 5.11","reproducibility and artifact-governance results","notes","figure_package_publication","thesis_surface_count=53","output/figure_package_publication/publication_figure_manifest.json","inventory note",""
"Table 5.11","reproducibility and artifact-governance results","manifest_name","trajectory_gallery","trajectory_gallery_manifest.json","output/trajectory_gallery/trajectory_gallery_manifest.json","manifest file",""
"Table 5.11","reproducibility and artifact-governance results","inventory_or_row_count","trajectory_gallery","20","output/trajectory_gallery/trajectory_gallery_manifest.json","count field or directory count",""
"Table 5.11","reproducibility and artifact-governance results","notes","trajectory_gallery","trajectory_gallery_index.csv | figures_index.md","output/trajectory_gallery/trajectory_gallery_manifest.json","inventory note",""
"Table 5.11","reproducibility and artifact-governance results","manifest_name","trajectory_gallery_panel","panel_figure_manifest.json","output/trajectory_gallery_panel/panel_figure_manifest.json","manifest file",""
"Table 5.11","reproducibility and artifact-governance results","inventory_or_row_count","trajectory_gallery_panel","10","output/trajectory_gallery_panel/panel_figure_manifest.json","count field or directory count",""
"Table 5.11","reproducibility and artifact-governance results","notes","trajectory_gallery_panel","panel_figure_registry.csv | panel_figure_captions.md | panel_figure_talking_points.md","output/trajectory_gallery_panel/panel_figure_manifest.json","inventory note",""
"Table 5.11","reproducibility and artifact-governance results","manifest_name","phase1_freeze_sync","final_phase_status_registry.csv","output/final_reproducibility_package/final_phase_status_registry.csv","manifest file",""
"Table 5.11","reproducibility and artifact-governance results","inventory_or_row_count","phase1_freeze_sync","146","output/final_reproducibility_package/final_phase_status_registry.csv","count field or directory count",""
"Table 5.11","reproducibility and artifact-governance results","notes","phase1_freeze_sync","Architecture audited; the final 2016-2022 production rerun is still needed.","output/final_reproducibility_package/final_phase_status_registry.csv","inventory note",""
