phase_id,track_id,artifact_group,artifact_type,relative_path,exists,source_manifest,notes
phase1,phase1_regional_baseline,phase1_audit,phase1_final_verdict.md,output/phase1_finalization_audit/phase1_final_verdict.md,True,,Read-only Phase 1 audit artifact.
phase1,phase1_regional_baseline,phase1_audit,phase1_finalization_memo.md,output/phase1_finalization_audit/phase1_finalization_memo.md,True,,Read-only Phase 1 audit artifact.
phase1,phase1_regional_baseline,phase1_audit,phase1_finalization_status.csv,output/phase1_finalization_audit/phase1_finalization_status.csv,True,,Read-only Phase 1 audit artifact.
phase1,phase1_regional_baseline,phase1_audit,phase1_finalization_status.json,output/phase1_finalization_audit/phase1_finalization_status.json,True,,Read-only Phase 1 audit artifact.
phase2,phase2_machine_readable_forecast,phase2_audit,phase2_final_verdict.md,output/phase2_finalization_audit/phase2_final_verdict.md,True,,Read-only Phase 2 audit artifact.
phase2,phase2_machine_readable_forecast,phase2_audit,phase2_finalization_memo.md,output/phase2_finalization_audit/phase2_finalization_memo.md,True,,Read-only Phase 2 audit artifact.
phase2,phase2_machine_readable_forecast,phase2_audit,phase2_finalization_status.csv,output/phase2_finalization_audit/phase2_finalization_status.csv,True,,Read-only Phase 2 audit artifact.
phase2,phase2_machine_readable_forecast,phase2_audit,phase2_finalization_status.json,output/phase2_finalization_audit/phase2_finalization_status.json,True,,Read-only Phase 2 audit artifact.
phase2,phase2_machine_readable_forecast,phase2_audit,phase2_output_catalog.csv,output/phase2_finalization_audit/phase2_output_catalog.csv,True,,Read-only Phase 2 audit artifact.
phase3,supporting_input,scientific_input_reuse,dwh_scientific_forcing_status.csv,output/CASE_DWH_RETRO_2010_72H/dwh_phase3c_scientific_forcing_ready/dwh_scientific_forcing_status.csv,True,output/final_validation_package/final_validation_manifest.json,Scientific input preserved and reused by the final validation package.
phase3,supporting_input,scientific_input_reuse,external_case_service_inventory.csv,output/CASE_DWH_RETRO_2010_72H/phase3c_external_case_setup/external_case_service_inventory.csv,True,output/final_validation_package/final_validation_manifest.json,Scientific input preserved and reused by the final validation package.
phase3,supporting_input,scientific_input_reuse,external_case_source_taxonomy.csv,output/CASE_DWH_RETRO_2010_72H/phase3c_external_case_setup/external_case_source_taxonomy.csv,True,output/final_validation_package/final_validation_manifest.json,Scientific input preserved and reused by the final validation package.
phase3,supporting_input,scientific_input_reuse,init_mode_sensitivity_r1_run_manifest.json,output/CASE_MINDORO_RETRO_2023/init_mode_sensitivity_r1/init_mode_sensitivity_r1_run_manifest.json,True,output/final_validation_package/final_validation_manifest.json,Scientific input preserved and reused by the final validation package.
phase3,supporting_input,scientific_input_reuse,phase3c_external_case_setup_manifest.json,output/CASE_DWH_RETRO_2010_72H/phase3c_external_case_setup/phase3c_external_case_setup_manifest.json,True,output/final_validation_package/final_validation_manifest.json,Scientific input preserved and reused by the final validation package.
phase3,supporting_input,scientific_input_reuse,recipe_sensitivity_r1_multibranch_ranking.csv,output/CASE_MINDORO_RETRO_2023/recipe_sensitivity_r1_multibranch/recipe_sensitivity_r1_multibranch_ranking.csv,True,output/final_validation_package/final_validation_manifest.json,Scientific input preserved and reused by the final validation package.
phase3,supporting_input,scientific_input_reuse,recipe_sensitivity_r1_multibranch_run_manifest.json,output/CASE_MINDORO_RETRO_2023/recipe_sensitivity_r1_multibranch/recipe_sensitivity_r1_multibranch_run_manifest.json,True,output/final_validation_package/final_validation_manifest.json,Scientific input preserved and reused by the final validation package.
phase3,supporting_input,scientific_input_reuse,source_history_reconstruction_r1_run_manifest.json,output/CASE_MINDORO_RETRO_2023/source_history_reconstruction_r1/source_history_reconstruction_r1_run_manifest.json,True,output/final_validation_package/final_validation_manifest.json,Scientific input preserved and reused by the final validation package.
phase3,supporting_input,scientific_input_reuse,source_history_reconstruction_r1_summary.csv,output/CASE_MINDORO_RETRO_2023/source_history_reconstruction_r1/source_history_reconstruction_r1_summary.csv,True,output/final_validation_package/final_validation_manifest.json,Scientific input preserved and reused by the final validation package.
phase3a,A,scientific_input_reuse,march13_14_reinit_crossmodel_run_manifest.json,output/CASE_MINDORO_RETRO_2023/phase3b_extended_public_scored_march13_14_reinit_pygnome_comparison/march13_14_reinit_crossmodel_run_manifest.json,True,output/final_validation_package/final_validation_manifest.json,Scientific input preserved and reused by the final validation package.
phase3a,A,scientific_input_reuse,march13_14_reinit_crossmodel_summary.csv,output/CASE_MINDORO_RETRO_2023/phase3b_extended_public_scored_march13_14_reinit_pygnome_comparison/march13_14_reinit_crossmodel_summary.csv,True,output/final_validation_package/final_validation_manifest.json,Scientific input preserved and reused by the final validation package.
phase3b,B1,scientific_input_reuse,extended_public_obs_acceptance_registry.csv,output/CASE_MINDORO_RETRO_2023/phase3b_extended_public/extended_public_obs_acceptance_registry.csv,True,output/final_validation_package/final_validation_manifest.json,Scientific input preserved and reused by the final validation package.
phase3b,B1,scientific_input_reuse,march13_14_reinit_branch_pairing_manifest.csv,output/CASE_MINDORO_RETRO_2023/phase3b_extended_public_scored_march13_14_reinit/march13_14_reinit_branch_pairing_manifest.csv,True,output/final_validation_package/final_validation_manifest.json,Scientific input preserved and reused by the final validation package.
phase3b,B1,scientific_input_reuse,march13_14_reinit_run_manifest.json,output/CASE_MINDORO_RETRO_2023/phase3b_extended_public_scored_march13_14_reinit/march13_14_reinit_run_manifest.json,True,output/final_validation_package/final_validation_manifest.json,Scientific input preserved and reused by the final validation package.
phase3b,B1,scientific_input_reuse,march13_14_reinit_summary.csv,output/CASE_MINDORO_RETRO_2023/phase3b_extended_public_scored_march13_14_reinit/march13_14_reinit_summary.csv,True,output/final_validation_package/final_validation_manifest.json,Scientific input preserved and reused by the final validation package.
phase3b,B1,scientific_input_reuse,phase3b_extended_summary.csv,output/CASE_MINDORO_RETRO_2023/phase3b_extended_public/phase3b_extended_summary.csv,True,output/final_validation_package/final_validation_manifest.json,Scientific input preserved and reused by the final validation package.
phase3b,B2,scientific_input_reuse,phase3b_pairing_manifest.csv,output/CASE_MINDORO_RETRO_2023/phase3b/phase3b_pairing_manifest.csv,True,output/final_validation_package/final_validation_manifest.json,Scientific input preserved and reused by the final validation package.
phase3b,B2,scientific_input_reuse,phase3b_summary.csv,output/CASE_MINDORO_RETRO_2023/phase3b/phase3b_summary.csv,True,output/final_validation_package/final_validation_manifest.json,Scientific input preserved and reused by the final validation package.
phase3b,B3,scientific_input_reuse,appendix_eventcorridor_diagnostics.csv,output/CASE_MINDORO_RETRO_2023/public_obs_appendix/appendix_eventcorridor_diagnostics.csv,True,output/final_validation_package/final_validation_manifest.json,Scientific input preserved and reused by the final validation package.
phase3b,B3,scientific_input_reuse,public_obs_inventory.csv,output/CASE_MINDORO_RETRO_2023/public_obs_appendix/public_obs_inventory.csv,True,output/final_validation_package/final_validation_manifest.json,Scientific input preserved and reused by the final validation package.
phase3c,C1,scientific_input_reuse,phase3c_eventcorridor_summary.csv,output/CASE_DWH_RETRO_2010_72H/phase3c_external_case_run/phase3c_eventcorridor_summary.csv,True,output/final_validation_package/final_validation_manifest.json,Scientific input preserved and reused by the final validation package.
phase3c,C1,scientific_input_reuse,phase3c_summary.csv,output/CASE_DWH_RETRO_2010_72H/phase3c_external_case_run/phase3c_summary.csv,True,output/final_validation_package/final_validation_manifest.json,Scientific input preserved and reused by the final validation package.
phase3c,C2,scientific_input_reuse,phase3c_ensemble_eventcorridor_summary.csv,output/CASE_DWH_RETRO_2010_72H/phase3c_external_case_ensemble_comparison/phase3c_ensemble_eventcorridor_summary.csv,True,output/final_validation_package/final_validation_manifest.json,Scientific input preserved and reused by the final validation package.
phase3c,C2,scientific_input_reuse,phase3c_ensemble_summary.csv,output/CASE_DWH_RETRO_2010_72H/phase3c_external_case_ensemble_comparison/phase3c_ensemble_summary.csv,True,output/final_validation_package/final_validation_manifest.json,Scientific input preserved and reused by the final validation package.
phase3c,C3,scientific_input_reuse,phase3c_dwh_pygnome_eventcorridor_summary.csv,output/CASE_DWH_RETRO_2010_72H/phase3c_dwh_pygnome_comparator/phase3c_dwh_pygnome_eventcorridor_summary.csv,True,output/final_validation_package/final_validation_manifest.json,Scientific input preserved and reused by the final validation package.
phase3c,C3,scientific_input_reuse,phase3c_dwh_pygnome_run_manifest.json,output/CASE_DWH_RETRO_2010_72H/phase3c_dwh_pygnome_comparator/phase3c_dwh_pygnome_run_manifest.json,True,output/final_validation_package/final_validation_manifest.json,Scientific input preserved and reused by the final validation package.
phase3c,C3,scientific_input_reuse,phase3c_dwh_pygnome_summary.csv,output/CASE_DWH_RETRO_2010_72H/phase3c_dwh_pygnome_comparator/phase3c_dwh_pygnome_summary.csv,True,output/final_validation_package/final_validation_manifest.json,Scientific input preserved and reused by the final validation package.
phase4,mindoro_phase4,phase4,phase4_final_verdict,output/phase4/CASE_MINDORO_RETRO_2023/phase4_final_verdict.md,True,output/phase4/CASE_MINDORO_RETRO_2023/phase4_run_manifest.json,Mindoro Phase 4 artifact built on the current reportable transport framework.
phase4,mindoro_phase4,phase4,phase4_methodology_sync_memo,output/phase4/CASE_MINDORO_RETRO_2023/phase4_methodology_sync_memo.md,True,output/phase4/CASE_MINDORO_RETRO_2023/phase4_run_manifest.json,Mindoro Phase 4 artifact built on the current reportable transport framework.
phase4,mindoro_phase4,phase4,phase4_oil_budget_summary,output/phase4/CASE_MINDORO_RETRO_2023/phase4_oil_budget_summary.csv,True,output/phase4/CASE_MINDORO_RETRO_2023/phase4_run_manifest.json,Mindoro Phase 4 artifact built on the current reportable transport framework.
phase4,mindoro_phase4,phase4,phase4_oil_budget_timeseries_fixed_base_medium_heavy_proxy,output/phase4/CASE_MINDORO_RETRO_2023/phase4_oil_budget_timeseries_fixed_base_medium_heavy_proxy.csv,True,output/phase4/CASE_MINDORO_RETRO_2023/phase4_run_manifest.json,Mindoro Phase 4 artifact built on the current reportable transport framework.
phase4,mindoro_phase4,phase4,phase4_oil_budget_timeseries_heavier_oil,output/phase4/CASE_MINDORO_RETRO_2023/phase4_oil_budget_timeseries_heavier_oil.csv,True,output/phase4/CASE_MINDORO_RETRO_2023/phase4_run_manifest.json,Mindoro Phase 4 artifact built on the current reportable transport framework.
phase4,mindoro_phase4,phase4,phase4_oil_budget_timeseries_lighter_oil,output/phase4/CASE_MINDORO_RETRO_2023/phase4_oil_budget_timeseries_lighter_oil.csv,True,output/phase4/CASE_MINDORO_RETRO_2023/phase4_run_manifest.json,Mindoro Phase 4 artifact built on the current reportable transport framework.
phase4,mindoro_phase4,phase4,phase4_oiltype_comparison,output/phase4/CASE_MINDORO_RETRO_2023/phase4_oiltype_comparison.csv,True,output/phase4/CASE_MINDORO_RETRO_2023/phase4_run_manifest.json,Mindoro Phase 4 artifact built on the current reportable transport framework.
phase4,mindoro_phase4,phase4,phase4_shoreline_arrival,output/phase4/CASE_MINDORO_RETRO_2023/phase4_shoreline_arrival.csv,True,output/phase4/CASE_MINDORO_RETRO_2023/phase4_run_manifest.json,Mindoro Phase 4 artifact built on the current reportable transport framework.
phase4,mindoro_phase4,phase4,phase4_shoreline_segments,output/phase4/CASE_MINDORO_RETRO_2023/phase4_shoreline_segments.csv,True,output/phase4/CASE_MINDORO_RETRO_2023/phase4_run_manifest.json,Mindoro Phase 4 artifact built on the current reportable transport framework.
phase4,mindoro_phase4,phase4,qa_phase4_oiltype_comparison,output/phase4/CASE_MINDORO_RETRO_2023/qa_phase4_oiltype_comparison.png,True,output/phase4/CASE_MINDORO_RETRO_2023/phase4_run_manifest.json,Mindoro Phase 4 artifact built on the current reportable transport framework.
phase4,mindoro_phase4,phase4,qa_phase4_shoreline_impacts,output/phase4/CASE_MINDORO_RETRO_2023/qa_phase4_shoreline_impacts.png,True,output/phase4/CASE_MINDORO_RETRO_2023/phase4_run_manifest.json,Mindoro Phase 4 artifact built on the current reportable transport framework.
phase5,figure_package_publication,figure_package_publication,case_2016_09_01__prototype_pygnome_similarity_summary__opendrift__single_forecast__2016_09_02__single__paper__case_2016_09_01_prototype_2016_24h_opendrift_single.png,output/figure_package_publication/case_2016_09_01__prototype_pygnome_similarity_summary__opendrift__single_forecast__2016_09_02__single__paper__case_2016_09_01_prototype_2016_24h_opendrift_single.png,True,,Read-only publication-grade figure package artifact built from existing outputs for canonical defense and paper presentation.
phase5,figure_package_publication,figure_package_publication,case_2016_09_01__prototype_pygnome_similarity_summary__opendrift__single_forecast__2016_09_03__single__paper__case_2016_09_01_prototype_2016_48h_opendrift_single.png,output/figure_package_publication/case_2016_09_01__prototype_pygnome_similarity_summary__opendrift__single_forecast__2016_09_03__single__paper__case_2016_09_01_prototype_2016_48h_opendrift_single.png,True,,Read-only publication-grade figure package artifact built from existing outputs for canonical defense and paper presentation.
phase5,figure_package_publication,figure_package_publication,case_2016_09_01__prototype_pygnome_similarity_summary__opendrift__single_forecast__2016_09_04__single__paper__case_2016_09_01_prototype_2016_72h_opendrift_single.png,output/figure_package_publication/case_2016_09_01__prototype_pygnome_similarity_summary__opendrift__single_forecast__2016_09_04__single__paper__case_2016_09_01_prototype_2016_72h_opendrift_single.png,True,,Read-only publication-grade figure package artifact built from existing outputs for canonical defense and paper presentation.
phase5,figure_package_publication,figure_package_publication,case_2016_09_01__prototype_pygnome_similarity_summary__opendrift_vs_pygnome__comparison_board__2016_09_02_to_2016_09_04__board__slide__case_2016_09_01_prototype_2016_24_48_72h_opendrift_vs_pygnome_board.png,output/figure_package_publication/case_2016_09_01__prototype_pygnome_similarity_summary__opendrift_vs_pygnome__comparison_board__2016_09_02_to_2016_09_04__board__slide__case_2016_09_01_prototype_2016_24_48_72h_opendrift_vs_pygnome_board.png,True,,Read-only publication-grade figure package artifact built from existing outputs for canonical defense and paper presentation.
phase5,figure_package_publication,figure_package_publication,case_2016_09_01__prototype_pygnome_similarity_summary__pygnome__single_forecast__2016_09_02__single__paper__case_2016_09_01_prototype_2016_24h_pygnome_single.png,output/figure_package_publication/case_2016_09_01__prototype_pygnome_similarity_summary__pygnome__single_forecast__2016_09_02__single__paper__case_2016_09_01_prototype_2016_24h_pygnome_single.png,True,,Read-only publication-grade figure package artifact built from existing outputs for canonical defense and paper presentation.
phase5,figure_package_publication,figure_package_publication,case_2016_09_01__prototype_pygnome_similarity_summary__pygnome__single_forecast__2016_09_03__single__paper__case_2016_09_01_prototype_2016_48h_pygnome_single.png,output/figure_package_publication/case_2016_09_01__prototype_pygnome_similarity_summary__pygnome__single_forecast__2016_09_03__single__paper__case_2016_09_01_prototype_2016_48h_pygnome_single.png,True,,Read-only publication-grade figure package artifact built from existing outputs for canonical defense and paper presentation.
phase5,figure_package_publication,figure_package_publication,case_2016_09_01__prototype_pygnome_similarity_summary__pygnome__single_forecast__2016_09_04__single__paper__case_2016_09_01_prototype_2016_72h_pygnome_single.png,output/figure_package_publication/case_2016_09_01__prototype_pygnome_similarity_summary__pygnome__single_forecast__2016_09_04__single__paper__case_2016_09_01_prototype_2016_72h_pygnome_single.png,True,,Read-only publication-grade figure package artifact built from existing outputs for canonical defense and paper presentation.
phase5,figure_package_publication,figure_package_publication,case_2016_09_06__prototype_pygnome_similarity_summary__opendrift__single_forecast__2016_09_07__single__paper__case_2016_09_06_prototype_2016_24h_opendrift_single.png,output/figure_package_publication/case_2016_09_06__prototype_pygnome_similarity_summary__opendrift__single_forecast__2016_09_07__single__paper__case_2016_09_06_prototype_2016_24h_opendrift_single.png,True,,Read-only publication-grade figure package artifact built from existing outputs for canonical defense and paper presentation.
phase5,figure_package_publication,figure_package_publication,case_2016_09_06__prototype_pygnome_similarity_summary__opendrift__single_forecast__2016_09_08__single__paper__case_2016_09_06_prototype_2016_48h_opendrift_single.png,output/figure_package_publication/case_2016_09_06__prototype_pygnome_similarity_summary__opendrift__single_forecast__2016_09_08__single__paper__case_2016_09_06_prototype_2016_48h_opendrift_single.png,True,,Read-only publication-grade figure package artifact built from existing outputs for canonical defense and paper presentation.
phase5,figure_package_publication,figure_package_publication,case_2016_09_06__prototype_pygnome_similarity_summary__opendrift__single_forecast__2016_09_09__single__paper__case_2016_09_06_prototype_2016_72h_opendrift_single.png,output/figure_package_publication/case_2016_09_06__prototype_pygnome_similarity_summary__opendrift__single_forecast__2016_09_09__single__paper__case_2016_09_06_prototype_2016_72h_opendrift_single.png,True,,Read-only publication-grade figure package artifact built from existing outputs for canonical defense and paper presentation.
phase5,figure_package_publication,figure_package_publication,case_2016_09_06__prototype_pygnome_similarity_summary__opendrift_vs_pygnome__comparison_board__2016_09_07_to_2016_09_09__board__slide__case_2016_09_06_prototype_2016_24_48_72h_opendrift_vs_pygnome_board.png,output/figure_package_publication/case_2016_09_06__prototype_pygnome_similarity_summary__opendrift_vs_pygnome__comparison_board__2016_09_07_to_2016_09_09__board__slide__case_2016_09_06_prototype_2016_24_48_72h_opendrift_vs_pygnome_board.png,True,,Read-only publication-grade figure package artifact built from existing outputs for canonical defense and paper presentation.
phase5,figure_package_publication,figure_package_publication,case_2016_09_06__prototype_pygnome_similarity_summary__pygnome__single_forecast__2016_09_07__single__paper__case_2016_09_06_prototype_2016_24h_pygnome_single.png,output/figure_package_publication/case_2016_09_06__prototype_pygnome_similarity_summary__pygnome__single_forecast__2016_09_07__single__paper__case_2016_09_06_prototype_2016_24h_pygnome_single.png,True,,Read-only publication-grade figure package artifact built from existing outputs for canonical defense and paper presentation.
phase5,figure_package_publication,figure_package_publication,case_2016_09_06__prototype_pygnome_similarity_summary__pygnome__single_forecast__2016_09_08__single__paper__case_2016_09_06_prototype_2016_48h_pygnome_single.png,output/figure_package_publication/case_2016_09_06__prototype_pygnome_similarity_summary__pygnome__single_forecast__2016_09_08__single__paper__case_2016_09_06_prototype_2016_48h_pygnome_single.png,True,,Read-only publication-grade figure package artifact built from existing outputs for canonical defense and paper presentation.
phase5,figure_package_publication,figure_package_publication,case_2016_09_06__prototype_pygnome_similarity_summary__pygnome__single_forecast__2016_09_09__single__paper__case_2016_09_06_prototype_2016_72h_pygnome_single.png,output/figure_package_publication/case_2016_09_06__prototype_pygnome_similarity_summary__pygnome__single_forecast__2016_09_09__single__paper__case_2016_09_06_prototype_2016_72h_pygnome_single.png,True,,Read-only publication-grade figure package artifact built from existing outputs for canonical defense and paper presentation.
phase5,figure_package_publication,figure_package_publication,case_2016_09_17__prototype_pygnome_similarity_summary__opendrift__single_forecast__2016_09_18__single__paper__case_2016_09_17_prototype_2016_24h_opendrift_single.png,output/figure_package_publication/case_2016_09_17__prototype_pygnome_similarity_summary__opendrift__single_forecast__2016_09_18__single__paper__case_2016_09_17_prototype_2016_24h_opendrift_single.png,True,,Read-only publication-grade figure package artifact built from existing outputs for canonical defense and paper presentation.
phase5,figure_package_publication,figure_package_publication,case_2016_09_17__prototype_pygnome_similarity_summary__opendrift__single_forecast__2016_09_19__single__paper__case_2016_09_17_prototype_2016_48h_opendrift_single.png,output/figure_package_publication/case_2016_09_17__prototype_pygnome_similarity_summary__opendrift__single_forecast__2016_09_19__single__paper__case_2016_09_17_prototype_2016_48h_opendrift_single.png,True,,Read-only publication-grade figure package artifact built from existing outputs for canonical defense and paper presentation.
phase5,figure_package_publication,figure_package_publication,case_2016_09_17__prototype_pygnome_similarity_summary__opendrift__single_forecast__2016_09_20__single__paper__case_2016_09_17_prototype_2016_72h_opendrift_single.png,output/figure_package_publication/case_2016_09_17__prototype_pygnome_similarity_summary__opendrift__single_forecast__2016_09_20__single__paper__case_2016_09_17_prototype_2016_72h_opendrift_single.png,True,,Read-only publication-grade figure package artifact built from existing outputs for canonical defense and paper presentation.
phase5,figure_package_publication,figure_package_publication,case_2016_09_17__prototype_pygnome_similarity_summary__opendrift_vs_pygnome__comparison_board__2016_09_18_to_2016_09_20__board__slide__case_2016_09_17_prototype_2016_24_48_72h_opendrift_vs_pygnome_board.png,output/figure_package_publication/case_2016_09_17__prototype_pygnome_similarity_summary__opendrift_vs_pygnome__comparison_board__2016_09_18_to_2016_09_20__board__slide__case_2016_09_17_prototype_2016_24_48_72h_opendrift_vs_pygnome_board.png,True,,Read-only publication-grade figure package artifact built from existing outputs for canonical defense and paper presentation.
phase5,figure_package_publication,figure_package_publication,case_2016_09_17__prototype_pygnome_similarity_summary__pygnome__single_forecast__2016_09_18__single__paper__case_2016_09_17_prototype_2016_24h_pygnome_single.png,output/figure_package_publication/case_2016_09_17__prototype_pygnome_similarity_summary__pygnome__single_forecast__2016_09_18__single__paper__case_2016_09_17_prototype_2016_24h_pygnome_single.png,True,,Read-only publication-grade figure package artifact built from existing outputs for canonical defense and paper presentation.
phase5,figure_package_publication,figure_package_publication,case_2016_09_17__prototype_pygnome_similarity_summary__pygnome__single_forecast__2016_09_19__single__paper__case_2016_09_17_prototype_2016_48h_pygnome_single.png,output/figure_package_publication/case_2016_09_17__prototype_pygnome_similarity_summary__pygnome__single_forecast__2016_09_19__single__paper__case_2016_09_17_prototype_2016_48h_pygnome_single.png,True,,Read-only publication-grade figure package artifact built from existing outputs for canonical defense and paper presentation.
phase5,figure_package_publication,figure_package_publication,case_2016_09_17__prototype_pygnome_similarity_summary__pygnome__single_forecast__2016_09_20__single__paper__case_2016_09_17_prototype_2016_72h_pygnome_single.png,output/figure_package_publication/case_2016_09_17__prototype_pygnome_similarity_summary__pygnome__single_forecast__2016_09_20__single__paper__case_2016_09_17_prototype_2016_72h_pygnome_single.png,True,,Read-only publication-grade figure package artifact built from existing outputs for canonical defense and paper presentation.
phase5,figure_package_publication,figure_package_publication,case_dwh_retro_2010_72h__phase3c_dwh_pygnome_comparator__opendrift_vs_pygnome__comparison_board__2010_05_21_to_2010_05_23__board__slide__opendrift_vs_pygnome_board.png,output/figure_package_publication/case_dwh_retro_2010_72h__phase3c_dwh_pygnome_comparator__opendrift_vs_pygnome__comparison_board__2010_05_21_to_2010_05_23__board__slide__opendrift_vs_pygnome_board.png,True,,Read-only publication-grade figure package artifact built from existing outputs for canonical defense and paper presentation.
phase5,figure_package_publication,figure_package_publication,case_dwh_retro_2010_72h__phase3c_dwh_pygnome_comparator__pygnome__single_model__2010_05_21_to_2010_05_23__zoom__paper__eventcorridor_pygnome.png,output/figure_package_publication/case_dwh_retro_2010_72h__phase3c_dwh_pygnome_comparator__pygnome__single_model__2010_05_21_to_2010_05_23__zoom__paper__eventcorridor_pygnome.png,True,,Read-only publication-grade figure package artifact built from existing outputs for canonical defense and paper presentation.
phase5,figure_package_publication,figure_package_publication,case_dwh_retro_2010_72h__phase3c_dwh_pygnome_comparator__pygnome__single_trajectory__2010_05_20_to_2010_05_23__zoom__paper__pygnome_trajectory.png,output/figure_package_publication/case_dwh_retro_2010_72h__phase3c_dwh_pygnome_comparator__pygnome__single_trajectory__2010_05_20_to_2010_05_23__zoom__paper__pygnome_trajectory.png,True,,Read-only publication-grade figure package artifact built from existing outputs for canonical defense and paper presentation.
phase5,figure_package_publication,figure_package_publication,case_dwh_retro_2010_72h__phase3c_external_case_ensemble_comparison__opendrift__comparison_board__2010_05_21_to_2010_05_23__board__slide__deterministic_vs_ensemble_board.png,output/figure_package_publication/case_dwh_retro_2010_72h__phase3c_external_case_ensemble_comparison__opendrift__comparison_board__2010_05_21_to_2010_05_23__board__slide__deterministic_vs_ensemble_board.png,True,,Read-only publication-grade figure package artifact built from existing outputs for canonical defense and paper presentation.
phase5,figure_package_publication,figure_package_publication,case_dwh_retro_2010_72h__phase3c_external_case_ensemble_comparison__opendrift__single_model__2010_05_21_to_2010_05_23__zoom__paper__eventcorridor_p50.png,output/figure_package_publication/case_dwh_retro_2010_72h__phase3c_external_case_ensemble_comparison__opendrift__single_model__2010_05_21_to_2010_05_23__zoom__paper__eventcorridor_p50.png,True,,Read-only publication-grade figure package artifact built from existing outputs for canonical defense and paper presentation.
phase5,figure_package_publication,figure_package_publication,case_dwh_retro_2010_72h__phase3c_external_case_ensemble_comparison__opendrift__single_model__2010_05_21_to_2010_05_23__zoom__paper__eventcorridor_p90.png,output/figure_package_publication/case_dwh_retro_2010_72h__phase3c_external_case_ensemble_comparison__opendrift__single_model__2010_05_21_to_2010_05_23__zoom__paper__eventcorridor_p90.png,True,,Read-only publication-grade figure package artifact built from existing outputs for canonical defense and paper presentation.
phase5,figure_package_publication,figure_package_publication,case_dwh_retro_2010_72h__phase3c_external_case_ensemble_comparison__opendrift__single_trajectory__2010_05_20_to_2010_05_23__zoom__paper__ensemble_sampled_trajectory.png,output/figure_package_publication/case_dwh_retro_2010_72h__phase3c_external_case_ensemble_comparison__opendrift__single_trajectory__2010_05_20_to_2010_05_23__zoom__paper__ensemble_sampled_trajectory.png,True,,Read-only publication-grade figure package artifact built from existing outputs for canonical defense and paper presentation.
phase5,figure_package_publication,figure_package_publication,case_dwh_retro_2010_72h__phase3c_external_case_run__observation__single_observation__2010_05_21_to_2010_05_23__zoom__paper__eventcorridor_observation.png,output/figure_package_publication/case_dwh_retro_2010_72h__phase3c_external_case_run__observation__single_observation__2010_05_21_to_2010_05_23__zoom__paper__eventcorridor_observation.png,True,,Read-only publication-grade figure package artifact built from existing outputs for canonical defense and paper presentation.
phase5,figure_package_publication,figure_package_publication,case_dwh_retro_2010_72h__phase3c_external_case_run__opendrift__comparison_board__2010_05_21_to_2010_05_23__board__slide__daily_deterministic_board.png,output/figure_package_publication/case_dwh_retro_2010_72h__phase3c_external_case_run__opendrift__comparison_board__2010_05_21_to_2010_05_23__board__slide__daily_deterministic_board.png,True,,Read-only publication-grade figure package artifact built from existing outputs for canonical defense and paper presentation.
phase5,figure_package_publication,figure_package_publication,case_dwh_retro_2010_72h__phase3c_external_case_run__opendrift__single_model__2010_05_21_to_2010_05_23__zoom__paper__eventcorridor_deterministic.png,output/figure_package_publication/case_dwh_retro_2010_72h__phase3c_external_case_run__opendrift__single_model__2010_05_21_to_2010_05_23__zoom__paper__eventcorridor_deterministic.png,True,,Read-only publication-grade figure package artifact built from existing outputs for canonical defense and paper presentation.
phase5,figure_package_publication,figure_package_publication,case_dwh_retro_2010_72h__phase3c_external_case_run__opendrift__single_overlay__2010_05_21__zoom__paper__forecast_vs_observation.png,output/figure_package_publication/case_dwh_retro_2010_72h__phase3c_external_case_run__opendrift__single_overlay__2010_05_21__zoom__paper__forecast_vs_observation.png,True,,Read-only publication-grade figure package artifact built from existing outputs for canonical defense and paper presentation.
phase5,figure_package_publication,figure_package_publication,case_dwh_retro_2010_72h__phase3c_external_case_run__opendrift__single_overlay__2010_05_22__zoom__paper__forecast_vs_observation.png,output/figure_package_publication/case_dwh_retro_2010_72h__phase3c_external_case_run__opendrift__single_overlay__2010_05_22__zoom__paper__forecast_vs_observation.png,True,,Read-only publication-grade figure package artifact built from existing outputs for canonical defense and paper presentation.
phase5,figure_package_publication,figure_package_publication,case_dwh_retro_2010_72h__phase3c_external_case_run__opendrift__single_overlay__2010_05_23__zoom__paper__forecast_vs_observation.png,output/figure_package_publication/case_dwh_retro_2010_72h__phase3c_external_case_run__opendrift__single_overlay__2010_05_23__zoom__paper__forecast_vs_observation.png,True,,Read-only publication-grade figure package artifact built from existing outputs for canonical defense and paper presentation.
phase5,figure_package_publication,figure_package_publication,case_dwh_retro_2010_72h__phase3c_external_case_run__opendrift__single_trajectory__2010_05_20_to_2010_05_23__zoom__paper__deterministic_trajectory.png,output/figure_package_publication/case_dwh_retro_2010_72h__phase3c_external_case_run__opendrift__single_trajectory__2010_05_20_to_2010_05_23__zoom__paper__deterministic_trajectory.png,True,,Read-only publication-grade figure package artifact built from existing outputs for canonical defense and paper presentation.
phase5,figure_package_publication,figure_package_publication,case_dwh_retro_2010_72h__phase3c_external_case_run__opendrift_vs_pygnome__trajectory_board__2010_05_20_to_2010_05_23__board__slide__trajectory_board.png,output/figure_package_publication/case_dwh_retro_2010_72h__phase3c_external_case_run__opendrift_vs_pygnome__trajectory_board__2010_05_20_to_2010_05_23__board__slide__trajectory_board.png,True,,Read-only publication-grade figure package artifact built from existing outputs for canonical defense and paper presentation.
phase5,figure_package_publication,figure_package_publication,case_mindoro_retro_2023__phase2_official__opendrift__single_trajectory__2023_03_03_to_2023_03_06__zoom__paper__deterministic_trajectory.png,output/figure_package_publication/case_mindoro_retro_2023__phase2_official__opendrift__single_trajectory__2023_03_03_to_2023_03_06__zoom__paper__deterministic_trajectory.png,True,,Read-only publication-grade figure package artifact built from existing outputs for canonical defense and paper presentation.
phase5,figure_package_publication,figure_package_publication,case_mindoro_retro_2023__phase2_official__opendrift__single_trajectory__2023_03_03_to_2023_03_06__zoom__paper__ensemble_sampled_trajectory.png,output/figure_package_publication/case_mindoro_retro_2023__phase2_official__opendrift__single_trajectory__2023_03_03_to_2023_03_06__zoom__paper__ensemble_sampled_trajectory.png,True,,Read-only publication-grade figure package artifact built from existing outputs for canonical defense and paper presentation.
phase5,figure_package_publication,figure_package_publication,case_mindoro_retro_2023__phase2_official__opendrift_vs_pygnome__trajectory_board__2023_03_03_to_2023_03_06__board__slide__trajectory_board.png,output/figure_package_publication/case_mindoro_retro_2023__phase2_official__opendrift_vs_pygnome__trajectory_board__2023_03_03_to_2023_03_06__board__slide__trajectory_board.png,True,,Read-only publication-grade figure package artifact built from existing outputs for canonical defense and paper presentation.
phase5,figure_package_publication,figure_package_publication,case_mindoro_retro_2023__phase2_phase3b__opendrift__single_trajectory__2023_03_06__close__paper__corridor_hull_trajectory.png,output/figure_package_publication/case_mindoro_retro_2023__phase2_phase3b__opendrift__single_trajectory__2023_03_06__close__paper__corridor_hull_trajectory.png,True,,Read-only publication-grade figure package artifact built from existing outputs for canonical defense and paper presentation.
phase5,figure_package_publication,figure_package_publication,case_mindoro_retro_2023__phase3a_benchmark__opendrift__single_model__2023_03_04_to_2023_03_06__zoom__paper__comparison_opendrift_deterministic.png,output/figure_package_publication/case_mindoro_retro_2023__phase3a_benchmark__opendrift__single_model__2023_03_04_to_2023_03_06__zoom__paper__comparison_opendrift_deterministic.png,True,,Read-only publication-grade figure package artifact built from existing outputs for canonical defense and paper presentation.
phase5,figure_package_publication,figure_package_publication,case_mindoro_retro_2023__phase3a_benchmark__opendrift__single_model__2023_03_04_to_2023_03_06__zoom__paper__comparison_opendrift_ensemble_consolidated.png,output/figure_package_publication/case_mindoro_retro_2023__phase3a_benchmark__opendrift__single_model__2023_03_04_to_2023_03_06__zoom__paper__comparison_opendrift_ensemble_consolidated.png,True,,Read-only publication-grade figure package artifact built from existing outputs for canonical defense and paper presentation.
phase5,figure_package_publication,figure_package_publication,case_mindoro_retro_2023__phase3a_benchmark__opendrift_vs_pygnome__comparison_board__2023_03_04_to_2023_03_06__board__slide__opendrift_vs_pygnome_board.png,output/figure_package_publication/case_mindoro_retro_2023__phase3a_benchmark__opendrift_vs_pygnome__comparison_board__2023_03_04_to_2023_03_06__board__slide__opendrift_vs_pygnome_board.png,True,,Read-only publication-grade figure package artifact built from existing outputs for canonical defense and paper presentation.
phase5,figure_package_publication,figure_package_publication,case_mindoro_retro_2023__phase3a_benchmark__opendrift_vs_pygnome__comparison_overlay__2023_03_04_to_2023_03_06__close__paper__comparison_overlay.png,output/figure_package_publication/case_mindoro_retro_2023__phase3a_benchmark__opendrift_vs_pygnome__comparison_overlay__2023_03_04_to_2023_03_06__close__paper__comparison_overlay.png,True,,Read-only publication-grade figure package artifact built from existing outputs for canonical defense and paper presentation.
phase5,figure_package_publication,figure_package_publication,case_mindoro_retro_2023__phase3a_benchmark__pygnome__single_model__2023_03_04_to_2023_03_06__zoom__paper__comparison_pygnome.png,output/figure_package_publication/case_mindoro_retro_2023__phase3a_benchmark__pygnome__single_model__2023_03_04_to_2023_03_06__zoom__paper__comparison_pygnome.png,True,,Read-only publication-grade figure package artifact built from existing outputs for canonical defense and paper presentation.
phase5,figure_package_publication,figure_package_publication,case_mindoro_retro_2023__phase3a_benchmark__pygnome__single_trajectory__2023_03_03_to_2023_03_06__zoom__paper__pygnome_trajectory.png,output/figure_package_publication/case_mindoro_retro_2023__phase3a_benchmark__pygnome__single_trajectory__2023_03_03_to_2023_03_06__zoom__paper__pygnome_trajectory.png,True,,Read-only publication-grade figure package artifact built from existing outputs for canonical defense and paper presentation.
phase5,figure_package_publication,figure_package_publication,case_mindoro_retro_2023__phase3a_reinit_crossmodel__opendrift__single_model_overlay__2023_03_14__single__paper__march14_crossmodel_r0_overlay.png,output/figure_package_publication/case_mindoro_retro_2023__phase3a_reinit_crossmodel__opendrift__single_model_overlay__2023_03_14__single__paper__march14_crossmodel_r0_overlay.png,True,,Read-only publication-grade figure package artifact built from existing outputs for canonical defense and paper presentation.
phase5,figure_package_publication,figure_package_publication,case_mindoro_retro_2023__phase3a_reinit_crossmodel__opendrift__single_model_overlay__2023_03_14__single__paper__march14_crossmodel_r1_overlay.png,output/figure_package_publication/case_mindoro_retro_2023__phase3a_reinit_crossmodel__opendrift__single_model_overlay__2023_03_14__single__paper__march14_crossmodel_r1_overlay.png,True,,Read-only publication-grade figure package artifact built from existing outputs for canonical defense and paper presentation.
phase5,figure_package_publication,figure_package_publication,case_mindoro_retro_2023__phase3a_reinit_crossmodel__opendrift_vs_pygnome__comparison_board__2023_03_14__board__slide__mindoro_crossmodel_board.png,output/figure_package_publication/case_mindoro_retro_2023__phase3a_reinit_crossmodel__opendrift_vs_pygnome__comparison_board__2023_03_14__board__slide__mindoro_crossmodel_board.png,True,,Read-only publication-grade figure package artifact built from existing outputs for canonical defense and paper presentation.
phase5,figure_package_publication,figure_package_publication,case_mindoro_retro_2023__phase3a_reinit_crossmodel__pygnome__single_model_overlay__2023_03_14__single__paper__march14_crossmodel_pygnome_overlay.png,output/figure_package_publication/case_mindoro_retro_2023__phase3a_reinit_crossmodel__pygnome__single_model_overlay__2023_03_14__single__paper__march14_crossmodel_pygnome_overlay.png,True,,Read-only publication-grade figure package artifact built from existing outputs for canonical defense and paper presentation.
phase5,figure_package_publication,figure_package_publication,case_mindoro_retro_2023__phase3b_legacy_strict__opendrift__comparison_board__2023_03_06__board__slide__mindoro_legacy_march6_board.png,output/figure_package_publication/case_mindoro_retro_2023__phase3b_legacy_strict__opendrift__comparison_board__2023_03_06__board__slide__mindoro_legacy_march6_board.png,True,,Read-only publication-grade figure package artifact built from existing outputs for canonical defense and paper presentation.
phase5,figure_package_publication,figure_package_publication,case_mindoro_retro_2023__phase3b_legacy_strict__opendrift__single_legacy_context__2023_03_03_to_2023_03_06__single__paper__legacy_strict_context.png,output/figure_package_publication/case_mindoro_retro_2023__phase3b_legacy_strict__opendrift__single_legacy_context__2023_03_03_to_2023_03_06__single__paper__legacy_strict_context.png,True,,Read-only publication-grade figure package artifact built from existing outputs for canonical defense and paper presentation.
phase5,figure_package_publication,figure_package_publication,case_mindoro_retro_2023__phase3b_legacy_strict__opendrift__single_legacy_overlay__2023_03_06__single__paper__legacy_strict_overlay.png,output/figure_package_publication/case_mindoro_retro_2023__phase3b_legacy_strict__opendrift__single_legacy_overlay__2023_03_06__single__paper__legacy_strict_overlay.png,True,,Read-only publication-grade figure package artifact built from existing outputs for canonical defense and paper presentation.
phase5,figure_package_publication,figure_package_publication,case_mindoro_retro_2023__phase3b_reinit_primary__observation__single_seed_observation__2023_03_13__single__paper__march13_seed_mask_on_grid.png,output/figure_package_publication/case_mindoro_retro_2023__phase3b_reinit_primary__observation__single_seed_observation__2023_03_13__single__paper__march13_seed_mask_on_grid.png,True,,Read-only publication-grade figure package artifact built from existing outputs for canonical defense and paper presentation.
phase5,figure_package_publication,figure_package_publication,case_mindoro_retro_2023__phase3b_reinit_primary__observation__single_seed_target_compare__2023_03_13_to_2023_03_14__single__paper__march13_seed_vs_march14_target.png,output/figure_package_publication/case_mindoro_retro_2023__phase3b_reinit_primary__observation__single_seed_target_compare__2023_03_13_to_2023_03_14__single__paper__march13_seed_vs_march14_target.png,True,,Read-only publication-grade figure package artifact built from existing outputs for canonical defense and paper presentation.
phase5,figure_package_publication,figure_package_publication,case_mindoro_retro_2023__phase3b_reinit_primary__opendrift__comparison_board__2023_03_13_to_2023_03_14__board__slide__mindoro_primary_validation_board.png,output/figure_package_publication/case_mindoro_retro_2023__phase3b_reinit_primary__opendrift__comparison_board__2023_03_13_to_2023_03_14__board__slide__mindoro_primary_validation_board.png,True,,Read-only publication-grade figure package artifact built from existing outputs for canonical defense and paper presentation.
phase5,figure_package_publication,figure_package_publication,case_mindoro_retro_2023__phase3b_reinit_primary__opendrift__single_primary_overlay__2023_03_14__single__paper__march14_r0_overlay.png,output/figure_package_publication/case_mindoro_retro_2023__phase3b_reinit_primary__opendrift__single_primary_overlay__2023_03_14__single__paper__march14_r0_overlay.png,True,,Read-only publication-grade figure package artifact built from existing outputs for canonical defense and paper presentation.
phase5,figure_package_publication,figure_package_publication,case_mindoro_retro_2023__phase3b_reinit_primary__opendrift__single_primary_overlay__2023_03_14__single__paper__march14_r1_previous_overlay.png,output/figure_package_publication/case_mindoro_retro_2023__phase3b_reinit_primary__opendrift__single_primary_overlay__2023_03_14__single__paper__march14_r1_previous_overlay.png,True,,Read-only publication-grade figure package artifact built from existing outputs for canonical defense and paper presentation.
phase5,figure_package_publication,figure_package_publication,case_mindoro_retro_2023__phase3b_strict__observation__single_observation__2023_03_06__zoom__paper__strict_observation.png,output/figure_package_publication/case_mindoro_retro_2023__phase3b_strict__observation__single_observation__2023_03_06__zoom__paper__strict_observation.png,True,,Read-only publication-grade figure package artifact built from existing outputs for canonical defense and paper presentation.
phase5,figure_package_publication,figure_package_publication,case_mindoro_retro_2023__phase3b_strict__opendrift__comparison_board__2023_03_06__board__slide__strict_board.png,output/figure_package_publication/case_mindoro_retro_2023__phase3b_strict__opendrift__comparison_board__2023_03_06__board__slide__strict_board.png,True,,Read-only publication-grade figure package artifact built from existing outputs for canonical defense and paper presentation.
phase5,figure_package_publication,figure_package_publication,case_mindoro_retro_2023__phase3b_strict__opendrift__single_forecast__2023_03_06__zoom__paper__strict_official_p50.png,output/figure_package_publication/case_mindoro_retro_2023__phase3b_strict__opendrift__single_forecast__2023_03_06__zoom__paper__strict_official_p50.png,True,,Read-only publication-grade figure package artifact built from existing outputs for canonical defense and paper presentation.
phase5,figure_package_publication,figure_package_publication,case_mindoro_retro_2023__phase3b_strict__opendrift__single_overlay__2023_03_06__close__paper__strict_obs_vs_p50.png,output/figure_package_publication/case_mindoro_retro_2023__phase3b_strict__opendrift__single_overlay__2023_03_06__close__paper__strict_obs_vs_p50.png,True,,Read-only publication-grade figure package artifact built from existing outputs for canonical defense and paper presentation.
phase5,figure_package_publication,figure_package_publication,case_mindoro_retro_2023__phase3b_strict__opendrift__single_overlay__2023_03_06__locator__paper__strict_obs_vs_p50.png,output/figure_package_publication/case_mindoro_retro_2023__phase3b_strict__opendrift__single_overlay__2023_03_06__locator__paper__strict_obs_vs_p50.png,True,,Read-only publication-grade figure package artifact built from existing outputs for canonical defense and paper presentation.
phase5,figure_package_publication,figure_package_publication,case_mindoro_retro_2023__phase3b_strict__opendrift__single_overlay__2023_03_06__zoom__paper__strict_obs_vs_p50.png,output/figure_package_publication/case_mindoro_retro_2023__phase3b_strict__opendrift__single_overlay__2023_03_06__zoom__paper__strict_obs_vs_p50.png,True,,Read-only publication-grade figure package artifact built from existing outputs for canonical defense and paper presentation.
phase5,figure_package_publication,figure_package_publication,case_mindoro_retro_2023__phase3b_support__observation__single_observation__2023_03_04_to_2023_03_06__zoom__paper__eventcorridor_observation.png,output/figure_package_publication/case_mindoro_retro_2023__phase3b_support__observation__single_observation__2023_03_04_to_2023_03_06__zoom__paper__eventcorridor_observation.png,True,,Read-only publication-grade figure package artifact built from existing outputs for canonical defense and paper presentation.
phase5,figure_package_publication,figure_package_publication,case_mindoro_retro_2023__phase3b_support__opendrift__comparison_board__2023_03_04_to_2023_03_06__board__slide__eventcorridor_board.png,output/figure_package_publication/case_mindoro_retro_2023__phase3b_support__opendrift__comparison_board__2023_03_04_to_2023_03_06__board__slide__eventcorridor_board.png,True,,Read-only publication-grade figure package artifact built from existing outputs for canonical defense and paper presentation.
phase5,figure_package_publication,figure_package_publication,case_mindoro_retro_2023__phase3b_support__opendrift__single_forecast__2023_03_04_to_2023_03_06__zoom__paper__eventcorridor_deterministic.png,output/figure_package_publication/case_mindoro_retro_2023__phase3b_support__opendrift__single_forecast__2023_03_04_to_2023_03_06__zoom__paper__eventcorridor_deterministic.png,True,,Read-only publication-grade figure package artifact built from existing outputs for canonical defense and paper presentation.
phase5,figure_package_publication,figure_package_publication,case_mindoro_retro_2023__phase3b_support__opendrift__single_forecast__2023_03_04_to_2023_03_06__zoom__paper__eventcorridor_ensemble_consolidated.png,output/figure_package_publication/case_mindoro_retro_2023__phase3b_support__opendrift__single_forecast__2023_03_04_to_2023_03_06__zoom__paper__eventcorridor_ensemble_consolidated.png,True,,Read-only publication-grade figure package artifact built from existing outputs for canonical defense and paper presentation.
phase5,figure_package_publication,figure_package_publication,case_mindoro_retro_2023__phase3b_support__opendrift__single_overlay__2023_03_04_to_2023_03_06__close__paper__eventcorridor_obs_vs_ensemble_consolidated.png,output/figure_package_publication/case_mindoro_retro_2023__phase3b_support__opendrift__single_overlay__2023_03_04_to_2023_03_06__close__paper__eventcorridor_obs_vs_ensemble_consolidated.png,True,,Read-only publication-grade figure package artifact built from existing outputs for canonical defense and paper presentation.
phase5,figure_package_publication,figure_package_publication,case_mindoro_retro_2023__phase3b_support__opendrift__single_overlay__2023_03_04_to_2023_03_06__locator__paper__eventcorridor_obs_vs_ensemble_consolidated.png,output/figure_package_publication/case_mindoro_retro_2023__phase3b_support__opendrift__single_overlay__2023_03_04_to_2023_03_06__locator__paper__eventcorridor_obs_vs_ensemble_consolidated.png,True,,Read-only publication-grade figure package artifact built from existing outputs for canonical defense and paper presentation.
phase5,figure_package_publication,figure_package_publication,case_mindoro_retro_2023__phase4__openoil__comparison_board__2023_03_03_to_2023_03_06__all_scenarios__board__slide__oil_budget_board.png,output/figure_package_publication/case_mindoro_retro_2023__phase4__openoil__comparison_board__2023_03_03_to_2023_03_06__all_scenarios__board__slide__oil_budget_board.png,True,,Read-only publication-grade figure package artifact built from existing outputs for canonical defense and paper presentation.
phase5,figure_package_publication,figure_package_publication,case_mindoro_retro_2023__phase4__openoil__comparison_board__2023_03_03_to_2023_03_06__all_scenarios__board__slide__shoreline_impact_board.png,output/figure_package_publication/case_mindoro_retro_2023__phase4__openoil__comparison_board__2023_03_03_to_2023_03_06__all_scenarios__board__slide__shoreline_impact_board.png,True,,Read-only publication-grade figure package artifact built from existing outputs for canonical defense and paper presentation.
phase5,figure_package_publication,figure_package_publication,case_mindoro_retro_2023__phase4__openoil__single_map__2023_03_03_to_2023_03_06__all_scenarios__close__paper__shoreline_segment_impacts.png,output/figure_package_publication/case_mindoro_retro_2023__phase4__openoil__single_map__2023_03_03_to_2023_03_06__all_scenarios__close__paper__shoreline_segment_impacts.png,True,,Read-only publication-grade figure package artifact built from existing outputs for canonical defense and paper presentation.
phase5,figure_package_publication,figure_package_publication,case_mindoro_retro_2023__phase4__openoil__single_scenario__2023_03_03_to_2023_03_06__fixed_base_medium_heavy_proxy__single__paper__oil_budget_timeseries.png,output/figure_package_publication/case_mindoro_retro_2023__phase4__openoil__single_scenario__2023_03_03_to_2023_03_06__fixed_base_medium_heavy_proxy__single__paper__oil_budget_timeseries.png,True,,Read-only publication-grade figure package artifact built from existing outputs for canonical defense and paper presentation.
phase5,figure_package_publication,figure_package_publication,case_mindoro_retro_2023__phase4__openoil__single_scenario__2023_03_03_to_2023_03_06__heavier_oil__single__paper__oil_budget_timeseries.png,output/figure_package_publication/case_mindoro_retro_2023__phase4__openoil__single_scenario__2023_03_03_to_2023_03_06__heavier_oil__single__paper__oil_budget_timeseries.png,True,,Read-only publication-grade figure package artifact built from existing outputs for canonical defense and paper presentation.
phase5,figure_package_publication,figure_package_publication,case_mindoro_retro_2023__phase4__openoil__single_scenario__2023_03_03_to_2023_03_06__lighter_oil__single__paper__oil_budget_timeseries.png,output/figure_package_publication/case_mindoro_retro_2023__phase4__openoil__single_scenario__2023_03_03_to_2023_03_06__lighter_oil__single__paper__oil_budget_timeseries.png,True,,Read-only publication-grade figure package artifact built from existing outputs for canonical defense and paper presentation.
phase5,figure_package_publication,figure_package_publication,case_mindoro_retro_2023__phase4__openoil__single_summary__2023_03_03_to_2023_03_06__single__paper__oil_budget_summary.png,output/figure_package_publication/case_mindoro_retro_2023__phase4__openoil__single_summary__2023_03_03_to_2023_03_06__single__paper__oil_budget_summary.png,True,,Read-only publication-grade figure package artifact built from existing outputs for canonical defense and paper presentation.
phase5,figure_package_publication,figure_package_publication,case_mindoro_retro_2023__phase4__openoil__single_summary__2023_03_03_to_2023_03_06__single__paper__shoreline_arrival.png,output/figure_package_publication/case_mindoro_retro_2023__phase4__openoil__single_summary__2023_03_03_to_2023_03_06__single__paper__shoreline_arrival.png,True,,Read-only publication-grade figure package artifact built from existing outputs for canonical defense and paper presentation.
phase5,figure_package_publication,figure_package_publication,case_mindoro_retro_2023__phase4_crossmodel_comparability_audit__openoil_only__single_note__2023_03_03_to_2023_03_06__single__paper__crossmodel_comparison_deferred.png,output/figure_package_publication/case_mindoro_retro_2023__phase4_crossmodel_comparability_audit__openoil_only__single_note__2023_03_03_to_2023_03_06__single__paper__crossmodel_comparison_deferred.png,True,,Read-only publication-grade figure package artifact built from existing outputs for canonical defense and paper presentation.
phase5,figure_package_publication,figure_package_publication,publication_figure_captions.md,output/figure_package_publication/publication_figure_captions.md,True,,Read-only publication-grade figure package artifact built from existing outputs for canonical defense and paper presentation.
phase5,figure_package_publication,figure_package_publication,publication_figure_manifest.json,output/figure_package_publication/publication_figure_manifest.json,True,,Read-only publication-grade figure package artifact built from existing outputs for canonical defense and paper presentation.
phase5,figure_package_publication,figure_package_publication,publication_figure_registry.csv,output/figure_package_publication/publication_figure_registry.csv,True,,Read-only publication-grade figure package artifact built from existing outputs for canonical defense and paper presentation.
phase5,figure_package_publication,figure_package_publication,publication_figure_talking_points.md,output/figure_package_publication/publication_figure_talking_points.md,True,,Read-only publication-grade figure package artifact built from existing outputs for canonical defense and paper presentation.
phase5,final_validation_package,final_validation_package,final_validation_benchmark_table,output/final_validation_package/final_validation_benchmark_table.csv,True,output/final_validation_package/final_validation_manifest.json,Frozen final validation package artifact reused by Phase 5.
phase5,final_validation_package,final_validation_package,final_validation_case_registry,output/final_validation_package/final_validation_case_registry.csv,True,output/final_validation_package/final_validation_manifest.json,Frozen final validation package artifact reused by Phase 5.
phase5,final_validation_package,final_validation_package,final_validation_chapter_sync_memo,output/final_validation_package/final_validation_chapter_sync_memo.md,True,output/final_validation_package/final_validation_manifest.json,Frozen final validation package artifact reused by Phase 5.
phase5,final_validation_package,final_validation_package,final_validation_claims_guardrails,output/final_validation_package/final_validation_claims_guardrails.md,True,output/final_validation_package/final_validation_manifest.json,Frozen final validation package artifact reused by Phase 5.
phase5,final_validation_package,final_validation_package,final_validation_interpretation_memo,output/final_validation_package/final_validation_interpretation_memo.md,True,output/final_validation_package/final_validation_manifest.json,Frozen final validation package artifact reused by Phase 5.
phase5,final_validation_package,final_validation_package,final_validation_limitations,output/final_validation_package/final_validation_limitations.csv,True,output/final_validation_package/final_validation_manifest.json,Frozen final validation package artifact reused by Phase 5.
phase5,final_validation_package,final_validation_package,final_validation_main_table,output/final_validation_package/final_validation_main_table.csv,True,output/final_validation_package/final_validation_manifest.json,Frozen final validation package artifact reused by Phase 5.
phase5,final_validation_package,final_validation_package,final_validation_observation_table,output/final_validation_package/final_validation_observation_table.csv,True,output/final_validation_package/final_validation_manifest.json,Frozen final validation package artifact reused by Phase 5.
phase5,final_validation_package,final_validation_package,final_validation_summary,output/final_validation_package/final_validation_summary.md,True,output/final_validation_package/final_validation_manifest.json,Frozen final validation package artifact reused by Phase 5.
phase5,phase5_sync,phase5_sync,final_case_registry,output/final_reproducibility_package/final_case_registry.csv,True,,Phase 5 reproducibility/package sync artifact.
phase5,phase5_sync,phase5_sync,final_config_snapshot_index,output/final_reproducibility_package/final_config_snapshot_index.csv,True,,Phase 5 reproducibility/package sync artifact.
phase5,phase5_sync,phase5_sync,final_log_index,output/final_reproducibility_package/final_log_index.csv,True,,Phase 5 reproducibility/package sync artifact.
phase5,phase5_sync,phase5_sync,final_manifest_index,output/final_reproducibility_package/final_manifest_index.csv,True,,Phase 5 reproducibility/package sync artifact.
phase5,phase5_sync,phase5_sync,final_phase_status_registry,output/final_reproducibility_package/final_phase_status_registry.csv,True,,Phase 5 reproducibility/package sync artifact.
phase5,phase5_sync,phase5_sync,final_reproducibility_manifest,output/final_reproducibility_package/final_reproducibility_manifest.json,True,,Phase 5 reproducibility/package sync artifact.
phase5,phase5_sync,phase5_sync,final_reproducibility_summary,output/final_reproducibility_package/final_reproducibility_summary.md,True,,Phase 5 reproducibility/package sync artifact.
phase5,phase5_sync,phase5_sync,launcher_user_guide,output/final_reproducibility_package/launcher_user_guide.md,True,,Phase 5 reproducibility/package sync artifact.
phase5,phase5_sync,phase5_sync,phase5_final_verdict,output/final_reproducibility_package/phase5_final_verdict.md,True,,Phase 5 reproducibility/package sync artifact.
phase5,phase5_sync,phase5_sync,phase5_packaging_sync_memo,output/final_reproducibility_package/phase5_packaging_sync_memo.md,True,,Phase 5 reproducibility/package sync artifact.
phase5,phase5_sync,phase5_sync,software_versions,output/final_reproducibility_package/software_versions.csv,True,,Phase 5 reproducibility/package sync artifact.
phase5,trajectory_gallery,trajectory_gallery,case_dwh_retro_2010_72h__phase3c_ensemble__opendrift__ensemble_overlay__2010_05_21_to_2010_05_23__eventcorridor_overlay.png,output/trajectory_gallery/case_dwh_retro_2010_72h__phase3c_ensemble__opendrift__ensemble_overlay__2010_05_21_to_2010_05_23__eventcorridor_overlay.png,True,,Read-only trajectory gallery artifact built from existing outputs for panel inspection.
phase5,trajectory_gallery,trajectory_gallery,case_dwh_retro_2010_72h__phase3c_ensemble__opendrift__ensemble_overlay__2010_05_21_to_2010_05_23__p50_p90_overlays.png,output/trajectory_gallery/case_dwh_retro_2010_72h__phase3c_ensemble__opendrift__ensemble_overlay__2010_05_21_to_2010_05_23__p50_p90_overlays.png,True,,Read-only trajectory gallery artifact built from existing outputs for panel inspection.
phase5,trajectory_gallery,trajectory_gallery,case_dwh_retro_2010_72h__phase3c_external_case_run__opendrift__deterministic_track_map__2010_05_20_to_2010_05_23__sampled_particle_paths.png,output/trajectory_gallery/case_dwh_retro_2010_72h__phase3c_external_case_run__opendrift__deterministic_track_map__2010_05_20_to_2010_05_23__sampled_particle_paths.png,True,,Read-only trajectory gallery artifact built from existing outputs for panel inspection.
phase5,trajectory_gallery,trajectory_gallery,case_dwh_retro_2010_72h__phase3c_pygnome_comparator__opendrift_vs_pygnome__comparison_overlay__2010_05_21_to_2010_05_23__eventcorridor_overlay.png,output/trajectory_gallery/case_dwh_retro_2010_72h__phase3c_pygnome_comparator__opendrift_vs_pygnome__comparison_overlay__2010_05_21_to_2010_05_23__eventcorridor_overlay.png,True,,Read-only trajectory gallery artifact built from existing outputs for panel inspection.
phase5,trajectory_gallery,trajectory_gallery,case_dwh_retro_2010_72h__phase3c_pygnome_comparator__opendrift_vs_pygnome__comparison_overlay__2010_05_21_to_2010_05_23__per_date_overlays.png,output/trajectory_gallery/case_dwh_retro_2010_72h__phase3c_pygnome_comparator__opendrift_vs_pygnome__comparison_overlay__2010_05_21_to_2010_05_23__per_date_overlays.png,True,,Read-only trajectory gallery artifact built from existing outputs for panel inspection.
phase5,trajectory_gallery,trajectory_gallery,case_mindoro_retro_2023__phase2_official__opendrift__deterministic_track_map__2023_03_03_to_2023_03_06__sampled_particle_paths.png,output/trajectory_gallery/case_mindoro_retro_2023__phase2_official__opendrift__deterministic_track_map__2023_03_03_to_2023_03_06__sampled_particle_paths.png,True,,Read-only trajectory gallery artifact built from existing outputs for panel inspection.
phase5,trajectory_gallery,trajectory_gallery,case_mindoro_retro_2023__phase2_official__opendrift__ensemble_sampled_member_centroids__2023_03_03_to_2023_03_06__member_centroid_paths.png,output/trajectory_gallery/case_mindoro_retro_2023__phase2_official__opendrift__ensemble_sampled_member_centroids__2023_03_03_to_2023_03_06__member_centroid_paths.png,True,,Read-only trajectory gallery artifact built from existing outputs for panel inspection.
phase5,trajectory_gallery,trajectory_gallery,case_mindoro_retro_2023__phase2_phase3b__opendrift__corridor_hull_view__2023_03_06__p50_p90_hull_overlay.png,output/trajectory_gallery/case_mindoro_retro_2023__phase2_phase3b__opendrift__corridor_hull_view__2023_03_06__p50_p90_hull_overlay.png,True,,Read-only trajectory gallery artifact built from existing outputs for panel inspection.
phase5,trajectory_gallery,trajectory_gallery,case_mindoro_retro_2023__phase3a_benchmark__opendrift_vs_pygnome__comparison_overlay__2023_03_04_to_2023_03_06__eventcorridor_overlay.png,output/trajectory_gallery/case_mindoro_retro_2023__phase3a_benchmark__opendrift_vs_pygnome__comparison_overlay__2023_03_04_to_2023_03_06__eventcorridor_overlay.png,True,,Read-only trajectory gallery artifact built from existing outputs for panel inspection.
phase5,trajectory_gallery,trajectory_gallery,case_mindoro_retro_2023__phase3a_benchmark__opendrift_vs_pygnome__comparison_overlay__2023_03_04_to_2023_03_06__public_obs_overlays.png,output/trajectory_gallery/case_mindoro_retro_2023__phase3a_benchmark__opendrift_vs_pygnome__comparison_overlay__2023_03_04_to_2023_03_06__public_obs_overlays.png,True,,Read-only trajectory gallery artifact built from existing outputs for panel inspection.
phase5,trajectory_gallery,trajectory_gallery,case_mindoro_retro_2023__phase3a_reinit_crossmodel__opendrift_vs_pygnome__comparison_overlay__2023_03_14__pygnome_crossmodel_overlay.png,output/trajectory_gallery/case_mindoro_retro_2023__phase3a_reinit_crossmodel__opendrift_vs_pygnome__comparison_overlay__2023_03_14__pygnome_crossmodel_overlay.png,True,,Read-only trajectory gallery artifact built from existing outputs for panel inspection.
phase5,trajectory_gallery,trajectory_gallery,case_mindoro_retro_2023__phase3a_reinit_crossmodel__opendrift_vs_pygnome__comparison_overlay__2023_03_14__r1_previous_crossmodel_overlay.png,output/trajectory_gallery/case_mindoro_retro_2023__phase3a_reinit_crossmodel__opendrift_vs_pygnome__comparison_overlay__2023_03_14__r1_previous_crossmodel_overlay.png,True,,Read-only trajectory gallery artifact built from existing outputs for panel inspection.
phase5,trajectory_gallery,trajectory_gallery,case_mindoro_retro_2023__phase3b_reinit_primary__observation__forecast_vs_observation_overlay__2023_03_13_to_2023_03_14__seed_vs_target.png,output/trajectory_gallery/case_mindoro_retro_2023__phase3b_reinit_primary__observation__forecast_vs_observation_overlay__2023_03_13_to_2023_03_14__seed_vs_target.png,True,,Read-only trajectory gallery artifact built from existing outputs for panel inspection.
phase5,trajectory_gallery,trajectory_gallery,case_mindoro_retro_2023__phase3b_reinit_primary__opendrift__forecast_vs_observation_overlay__2023_03_14__r1_previous_overlay.png,output/trajectory_gallery/case_mindoro_retro_2023__phase3b_reinit_primary__opendrift__forecast_vs_observation_overlay__2023_03_14__r1_previous_overlay.png,True,,Read-only trajectory gallery artifact built from existing outputs for panel inspection.
phase5,trajectory_gallery,trajectory_gallery,case_mindoro_retro_2023__phase3b_strict__opendrift__forecast_vs_observation_overlay__2023_03_03_to_2023_03_06__source_init_validation_overlay.png,output/trajectory_gallery/case_mindoro_retro_2023__phase3b_strict__opendrift__forecast_vs_observation_overlay__2023_03_03_to_2023_03_06__source_init_validation_overlay.png,True,,Read-only trajectory gallery artifact built from existing outputs for panel inspection.
phase5,trajectory_gallery,trajectory_gallery,case_mindoro_retro_2023__phase3b_strict__opendrift__forecast_vs_observation_overlay__2023_03_06__obsmask_vs_p50.png,output/trajectory_gallery/case_mindoro_retro_2023__phase3b_strict__opendrift__forecast_vs_observation_overlay__2023_03_06__obsmask_vs_p50.png,True,,Read-only trajectory gallery artifact built from existing outputs for panel inspection.
phase5,trajectory_gallery,trajectory_gallery,case_mindoro_retro_2023__phase4__openoil__oil_budget_summary__2023_03_03_to_2023_03_06__all_scenarios__mass_budget_comparison.png,output/trajectory_gallery/case_mindoro_retro_2023__phase4__openoil__oil_budget_summary__2023_03_03_to_2023_03_06__all_scenarios__mass_budget_comparison.png,True,,Read-only trajectory gallery artifact built from existing outputs for panel inspection.
phase5,trajectory_gallery,trajectory_gallery,case_mindoro_retro_2023__phase4__openoil__oil_budget_timeseries__2023_03_03_to_2023_03_06__fixed_base_medium_heavy_proxy__mass_budget_timeseries.png,output/trajectory_gallery/case_mindoro_retro_2023__phase4__openoil__oil_budget_timeseries__2023_03_03_to_2023_03_06__fixed_base_medium_heavy_proxy__mass_budget_timeseries.png,True,,Read-only trajectory gallery artifact built from existing outputs for panel inspection.
phase5,trajectory_gallery,trajectory_gallery,case_mindoro_retro_2023__phase4__openoil__oil_budget_timeseries__2023_03_03_to_2023_03_06__heavier_oil__mass_budget_timeseries.png,output/trajectory_gallery/case_mindoro_retro_2023__phase4__openoil__oil_budget_timeseries__2023_03_03_to_2023_03_06__heavier_oil__mass_budget_timeseries.png,True,,Read-only trajectory gallery artifact built from existing outputs for panel inspection.
phase5,trajectory_gallery,trajectory_gallery,case_mindoro_retro_2023__phase4__openoil__oil_budget_timeseries__2023_03_03_to_2023_03_06__lighter_oil__mass_budget_timeseries.png,output/trajectory_gallery/case_mindoro_retro_2023__phase4__openoil__oil_budget_timeseries__2023_03_03_to_2023_03_06__lighter_oil__mass_budget_timeseries.png,True,,Read-only trajectory gallery artifact built from existing outputs for panel inspection.
phase5,trajectory_gallery,trajectory_gallery,case_mindoro_retro_2023__phase4__openoil__oil_type_comparison__2023_03_03_to_2023_03_06__all_scenarios__oiltype_comparison.png,output/trajectory_gallery/case_mindoro_retro_2023__phase4__openoil__oil_type_comparison__2023_03_03_to_2023_03_06__all_scenarios__oiltype_comparison.png,True,,Read-only trajectory gallery artifact built from existing outputs for panel inspection.
phase5,trajectory_gallery,trajectory_gallery,case_mindoro_retro_2023__phase4__openoil__shoreline_arrival_summary__2023_03_03_to_2023_03_06__all_scenarios__scenario_arrival_bars.png,output/trajectory_gallery/case_mindoro_retro_2023__phase4__openoil__shoreline_arrival_summary__2023_03_03_to_2023_03_06__all_scenarios__scenario_arrival_bars.png,True,,Read-only trajectory gallery artifact built from existing outputs for panel inspection.
phase5,trajectory_gallery,trajectory_gallery,case_mindoro_retro_2023__phase4__openoil__shoreline_impact_summary__2023_03_03_to_2023_03_06__all_scenarios__shoreline_impacts.png,output/trajectory_gallery/case_mindoro_retro_2023__phase4__openoil__shoreline_impact_summary__2023_03_03_to_2023_03_06__all_scenarios__shoreline_impacts.png,True,,Read-only trajectory gallery artifact built from existing outputs for panel inspection.
phase5,trajectory_gallery,trajectory_gallery,case_mindoro_retro_2023__phase4__openoil__shoreline_segment_impact_map__2023_03_03_to_2023_03_06__all_scenarios__segment_midpoint_impacts.png,output/trajectory_gallery/case_mindoro_retro_2023__phase4__openoil__shoreline_segment_impact_map__2023_03_03_to_2023_03_06__all_scenarios__segment_midpoint_impacts.png,True,,Read-only trajectory gallery artifact built from existing outputs for panel inspection.
phase5,trajectory_gallery,trajectory_gallery,figures_index.md,output/trajectory_gallery/figures_index.md,True,,Read-only trajectory gallery artifact built from existing outputs for panel inspection.
phase5,trajectory_gallery,trajectory_gallery,trajectory_gallery_index.csv,output/trajectory_gallery/trajectory_gallery_index.csv,True,,Read-only trajectory gallery artifact built from existing outputs for panel inspection.
phase5,trajectory_gallery,trajectory_gallery,trajectory_gallery_manifest.json,output/trajectory_gallery/trajectory_gallery_manifest.json,True,,Read-only trajectory gallery artifact built from existing outputs for panel inspection.
phase5,trajectory_gallery_panel,trajectory_gallery_panel,case_dwh_retro_2010_72h__phase3c_ensemble__opendrift__panel_board__2010_05_21_to_2010_05_23__panel__dwh_deterministic_vs_ensemble_board.png,output/trajectory_gallery_panel/case_dwh_retro_2010_72h__phase3c_ensemble__opendrift__panel_board__2010_05_21_to_2010_05_23__panel__dwh_deterministic_vs_ensemble_board.png,True,,Read-only polished panel gallery artifact built from existing outputs for non-technical review.
phase5,trajectory_gallery_panel,trajectory_gallery_panel,case_dwh_retro_2010_72h__phase3c_external_case_run__opendrift__panel_board__2010_05_21_to_2010_05_23__panel__dwh_deterministic_board.png,output/trajectory_gallery_panel/case_dwh_retro_2010_72h__phase3c_external_case_run__opendrift__panel_board__2010_05_21_to_2010_05_23__panel__dwh_deterministic_board.png,True,,Read-only polished panel gallery artifact built from existing outputs for non-technical review.
phase5,trajectory_gallery_panel,trajectory_gallery_panel,case_dwh_retro_2010_72h__phase3c_pygnome_comparator__opendrift_vs_pygnome__panel_board__2010_05_21_to_2010_05_23__panel__dwh_model_comparison_board.png,output/trajectory_gallery_panel/case_dwh_retro_2010_72h__phase3c_pygnome_comparator__opendrift_vs_pygnome__panel_board__2010_05_21_to_2010_05_23__panel__dwh_model_comparison_board.png,True,,Read-only polished panel gallery artifact built from existing outputs for non-technical review.
phase5,trajectory_gallery_panel,trajectory_gallery_panel,case_dwh_retro_2010_72h__phase3c_pygnome_comparator__pygnome__sampled_track_panel__2010_05_20_to_2010_05_23__support__dwh_pygnome_track.png,output/trajectory_gallery_panel/_support/case_dwh_retro_2010_72h__phase3c_pygnome_comparator__pygnome__sampled_track_panel__2010_05_20_to_2010_05_23__support__dwh_pygnome_track.png,True,,Read-only polished panel gallery artifact built from existing outputs for non-technical review.
phase5,trajectory_gallery_panel,trajectory_gallery_panel,case_dwh_retro_2010_72h__phase3c_trajectories__opendrift_vs_pygnome__panel_board__2010_05_20_to_2010_05_23__panel__dwh_trajectory_board.png,output/trajectory_gallery_panel/case_dwh_retro_2010_72h__phase3c_trajectories__opendrift_vs_pygnome__panel_board__2010_05_20_to_2010_05_23__panel__dwh_trajectory_board.png,True,,Read-only polished panel gallery artifact built from existing outputs for non-technical review.
phase5,trajectory_gallery_panel,trajectory_gallery_panel,case_mindoro_retro_2023__phase2_official__opendrift__panel_board__2023_03_03_to_2023_03_06__panel__mindoro_trajectory_board.png,output/trajectory_gallery_panel/case_mindoro_retro_2023__phase2_official__opendrift__panel_board__2023_03_03_to_2023_03_06__panel__mindoro_trajectory_board.png,True,,Read-only polished panel gallery artifact built from existing outputs for non-technical review.
phase5,trajectory_gallery_panel,trajectory_gallery_panel,case_mindoro_retro_2023__phase3a_benchmark__opendrift_vs_pygnome__panel_board__2023_03_04_to_2023_03_06__panel__mindoro_model_comparison_board.png,output/trajectory_gallery_panel/case_mindoro_retro_2023__phase3a_benchmark__opendrift_vs_pygnome__panel_board__2023_03_04_to_2023_03_06__panel__mindoro_model_comparison_board.png,True,,Read-only polished panel gallery artifact built from existing outputs for non-technical review.
phase5,trajectory_gallery_panel,trajectory_gallery_panel,case_mindoro_retro_2023__phase3a_reinit_crossmodel__opendrift_vs_pygnome__panel_board__2023_03_14__panel__mindoro_crossmodel_reinit_board.png,output/trajectory_gallery_panel/case_mindoro_retro_2023__phase3a_reinit_crossmodel__opendrift_vs_pygnome__panel_board__2023_03_14__panel__mindoro_crossmodel_reinit_board.png,True,,Read-only polished panel gallery artifact built from existing outputs for non-technical review.
phase5,trajectory_gallery_panel,trajectory_gallery_panel,case_mindoro_retro_2023__phase3b_legacy_strict__opendrift__panel_board__2023_03_06__panel__mindoro_legacy_march6_board.png,output/trajectory_gallery_panel/case_mindoro_retro_2023__phase3b_legacy_strict__opendrift__panel_board__2023_03_06__panel__mindoro_legacy_march6_board.png,True,,Read-only polished panel gallery artifact built from existing outputs for non-technical review.
phase5,trajectory_gallery_panel,trajectory_gallery_panel,case_mindoro_retro_2023__phase3b_reinit_primary__opendrift__panel_board__2023_03_13_to_2023_03_14__panel__mindoro_primary_reinit_board.png,output/trajectory_gallery_panel/case_mindoro_retro_2023__phase3b_reinit_primary__opendrift__panel_board__2023_03_13_to_2023_03_14__panel__mindoro_primary_reinit_board.png,True,,Read-only polished panel gallery artifact built from existing outputs for non-technical review.
phase5,trajectory_gallery_panel,trajectory_gallery_panel,case_mindoro_retro_2023__phase3b_strict__opendrift__panel_board__2023_03_06__panel__mindoro_strict_march6_board.png,output/trajectory_gallery_panel/case_mindoro_retro_2023__phase3b_strict__opendrift__panel_board__2023_03_06__panel__mindoro_strict_march6_board.png,True,,Read-only polished panel gallery artifact built from existing outputs for non-technical review.
phase5,trajectory_gallery_panel,trajectory_gallery_panel,case_mindoro_retro_2023__phase3b_support__opendrift_vs_pygnome__panel_board__2023_03_04_to_2023_03_06__panel__mindoro_eventcorridor_board.png,output/trajectory_gallery_panel/case_mindoro_retro_2023__phase3b_support__opendrift_vs_pygnome__panel_board__2023_03_04_to_2023_03_06__panel__mindoro_eventcorridor_board.png,True,,Read-only polished panel gallery artifact built from existing outputs for non-technical review.
phase5,trajectory_gallery_panel,trajectory_gallery_panel,case_mindoro_retro_2023__phase4__openoil__panel_board__2023_03_03_to_2023_03_06__all_scenarios__panel__mindoro_phase4_oil_budget_board.png,output/trajectory_gallery_panel/case_mindoro_retro_2023__phase4__openoil__panel_board__2023_03_03_to_2023_03_06__all_scenarios__panel__mindoro_phase4_oil_budget_board.png,True,,Read-only polished panel gallery artifact built from existing outputs for non-technical review.
phase5,trajectory_gallery_panel,trajectory_gallery_panel,case_mindoro_retro_2023__phase4__openoil__panel_board__2023_03_03_to_2023_03_06__all_scenarios__panel__mindoro_phase4_shoreline_board.png,output/trajectory_gallery_panel/case_mindoro_retro_2023__phase4__openoil__panel_board__2023_03_03_to_2023_03_06__all_scenarios__panel__mindoro_phase4_shoreline_board.png,True,,Read-only polished panel gallery artifact built from existing outputs for non-technical review.
phase5,trajectory_gallery_panel,trajectory_gallery_panel,panel_figure_captions.md,output/trajectory_gallery_panel/panel_figure_captions.md,True,,Read-only polished panel gallery artifact built from existing outputs for non-technical review.
phase5,trajectory_gallery_panel,trajectory_gallery_panel,panel_figure_manifest.json,output/trajectory_gallery_panel/panel_figure_manifest.json,True,,Read-only polished panel gallery artifact built from existing outputs for non-technical review.
phase5,trajectory_gallery_panel,trajectory_gallery_panel,panel_figure_registry.csv,output/trajectory_gallery_panel/panel_figure_registry.csv,True,,Read-only polished panel gallery artifact built from existing outputs for non-technical review.
phase5,trajectory_gallery_panel,trajectory_gallery_panel,panel_figure_talking_points.md,output/trajectory_gallery_panel/panel_figure_talking_points.md,True,,Read-only polished panel gallery artifact built from existing outputs for non-technical review.
prototype,prototype_legacy_pygnome_similarity_summary,prototype_2016_pygnome_similarity,case_2016_09_01__prototype_2016__24_48_72h__opendrift_vs_pygnome__board.png,output/prototype_2016_pygnome_similarity/figures/case_2016_09_01__prototype_2016__24_48_72h__opendrift_vs_pygnome__board.png,True,,Legacy/debug transport-only PyGNOME similarity artifact preserved from the original 2016 prototype cases.
prototype,prototype_legacy_pygnome_similarity_summary,prototype_2016_pygnome_similarity,case_2016_09_01__prototype_2016__24h__opendrift__single.png,output/prototype_2016_pygnome_similarity/figures/case_2016_09_01__prototype_2016__24h__opendrift__single.png,True,,Legacy/debug transport-only PyGNOME similarity artifact preserved from the original 2016 prototype cases.
prototype,prototype_legacy_pygnome_similarity_summary,prototype_2016_pygnome_similarity,case_2016_09_01__prototype_2016__24h__pygnome__single.png,output/prototype_2016_pygnome_similarity/figures/case_2016_09_01__prototype_2016__24h__pygnome__single.png,True,,Legacy/debug transport-only PyGNOME similarity artifact preserved from the original 2016 prototype cases.
prototype,prototype_legacy_pygnome_similarity_summary,prototype_2016_pygnome_similarity,case_2016_09_01__prototype_2016__48h__opendrift__single.png,output/prototype_2016_pygnome_similarity/figures/case_2016_09_01__prototype_2016__48h__opendrift__single.png,True,,Legacy/debug transport-only PyGNOME similarity artifact preserved from the original 2016 prototype cases.
prototype,prototype_legacy_pygnome_similarity_summary,prototype_2016_pygnome_similarity,case_2016_09_01__prototype_2016__48h__pygnome__single.png,output/prototype_2016_pygnome_similarity/figures/case_2016_09_01__prototype_2016__48h__pygnome__single.png,True,,Legacy/debug transport-only PyGNOME similarity artifact preserved from the original 2016 prototype cases.
prototype,prototype_legacy_pygnome_similarity_summary,prototype_2016_pygnome_similarity,case_2016_09_01__prototype_2016__72h__opendrift__single.png,output/prototype_2016_pygnome_similarity/figures/case_2016_09_01__prototype_2016__72h__opendrift__single.png,True,,Legacy/debug transport-only PyGNOME similarity artifact preserved from the original 2016 prototype cases.
prototype,prototype_legacy_pygnome_similarity_summary,prototype_2016_pygnome_similarity,case_2016_09_01__prototype_2016__72h__pygnome__single.png,output/prototype_2016_pygnome_similarity/figures/case_2016_09_01__prototype_2016__72h__pygnome__single.png,True,,Legacy/debug transport-only PyGNOME similarity artifact preserved from the original 2016 prototype cases.
prototype,prototype_legacy_pygnome_similarity_summary,prototype_2016_pygnome_similarity,case_2016_09_06__prototype_2016__24_48_72h__opendrift_vs_pygnome__board.png,output/prototype_2016_pygnome_similarity/figures/case_2016_09_06__prototype_2016__24_48_72h__opendrift_vs_pygnome__board.png,True,,Legacy/debug transport-only PyGNOME similarity artifact preserved from the original 2016 prototype cases.
prototype,prototype_legacy_pygnome_similarity_summary,prototype_2016_pygnome_similarity,case_2016_09_06__prototype_2016__24h__opendrift__single.png,output/prototype_2016_pygnome_similarity/figures/case_2016_09_06__prototype_2016__24h__opendrift__single.png,True,,Legacy/debug transport-only PyGNOME similarity artifact preserved from the original 2016 prototype cases.
prototype,prototype_legacy_pygnome_similarity_summary,prototype_2016_pygnome_similarity,case_2016_09_06__prototype_2016__24h__pygnome__single.png,output/prototype_2016_pygnome_similarity/figures/case_2016_09_06__prototype_2016__24h__pygnome__single.png,True,,Legacy/debug transport-only PyGNOME similarity artifact preserved from the original 2016 prototype cases.
prototype,prototype_legacy_pygnome_similarity_summary,prototype_2016_pygnome_similarity,case_2016_09_06__prototype_2016__48h__opendrift__single.png,output/prototype_2016_pygnome_similarity/figures/case_2016_09_06__prototype_2016__48h__opendrift__single.png,True,,Legacy/debug transport-only PyGNOME similarity artifact preserved from the original 2016 prototype cases.
prototype,prototype_legacy_pygnome_similarity_summary,prototype_2016_pygnome_similarity,case_2016_09_06__prototype_2016__48h__pygnome__single.png,output/prototype_2016_pygnome_similarity/figures/case_2016_09_06__prototype_2016__48h__pygnome__single.png,True,,Legacy/debug transport-only PyGNOME similarity artifact preserved from the original 2016 prototype cases.
prototype,prototype_legacy_pygnome_similarity_summary,prototype_2016_pygnome_similarity,case_2016_09_06__prototype_2016__72h__opendrift__single.png,output/prototype_2016_pygnome_similarity/figures/case_2016_09_06__prototype_2016__72h__opendrift__single.png,True,,Legacy/debug transport-only PyGNOME similarity artifact preserved from the original 2016 prototype cases.
prototype,prototype_legacy_pygnome_similarity_summary,prototype_2016_pygnome_similarity,case_2016_09_06__prototype_2016__72h__pygnome__single.png,output/prototype_2016_pygnome_similarity/figures/case_2016_09_06__prototype_2016__72h__pygnome__single.png,True,,Legacy/debug transport-only PyGNOME similarity artifact preserved from the original 2016 prototype cases.
prototype,prototype_legacy_pygnome_similarity_summary,prototype_2016_pygnome_similarity,case_2016_09_17__prototype_2016__24_48_72h__opendrift_vs_pygnome__board.png,output/prototype_2016_pygnome_similarity/figures/case_2016_09_17__prototype_2016__24_48_72h__opendrift_vs_pygnome__board.png,True,,Legacy/debug transport-only PyGNOME similarity artifact preserved from the original 2016 prototype cases.
prototype,prototype_legacy_pygnome_similarity_summary,prototype_2016_pygnome_similarity,case_2016_09_17__prototype_2016__24h__opendrift__single.png,output/prototype_2016_pygnome_similarity/figures/case_2016_09_17__prototype_2016__24h__opendrift__single.png,True,,Legacy/debug transport-only PyGNOME similarity artifact preserved from the original 2016 prototype cases.
prototype,prototype_legacy_pygnome_similarity_summary,prototype_2016_pygnome_similarity,case_2016_09_17__prototype_2016__24h__pygnome__single.png,output/prototype_2016_pygnome_similarity/figures/case_2016_09_17__prototype_2016__24h__pygnome__single.png,True,,Legacy/debug transport-only PyGNOME similarity artifact preserved from the original 2016 prototype cases.
prototype,prototype_legacy_pygnome_similarity_summary,prototype_2016_pygnome_similarity,case_2016_09_17__prototype_2016__48h__opendrift__single.png,output/prototype_2016_pygnome_similarity/figures/case_2016_09_17__prototype_2016__48h__opendrift__single.png,True,,Legacy/debug transport-only PyGNOME similarity artifact preserved from the original 2016 prototype cases.
prototype,prototype_legacy_pygnome_similarity_summary,prototype_2016_pygnome_similarity,case_2016_09_17__prototype_2016__48h__pygnome__single.png,output/prototype_2016_pygnome_similarity/figures/case_2016_09_17__prototype_2016__48h__pygnome__single.png,True,,Legacy/debug transport-only PyGNOME similarity artifact preserved from the original 2016 prototype cases.
prototype,prototype_legacy_pygnome_similarity_summary,prototype_2016_pygnome_similarity,case_2016_09_17__prototype_2016__72h__opendrift__single.png,output/prototype_2016_pygnome_similarity/figures/case_2016_09_17__prototype_2016__72h__opendrift__single.png,True,,Legacy/debug transport-only PyGNOME similarity artifact preserved from the original 2016 prototype cases.
prototype,prototype_legacy_pygnome_similarity_summary,prototype_2016_pygnome_similarity,case_2016_09_17__prototype_2016__72h__pygnome__single.png,output/prototype_2016_pygnome_similarity/figures/case_2016_09_17__prototype_2016__72h__pygnome__single.png,True,,Legacy/debug transport-only PyGNOME similarity artifact preserved from the original 2016 prototype cases.
prototype,prototype_legacy_pygnome_similarity_summary,prototype_2016_pygnome_similarity,prototype_pygnome_case_registry.csv,output/prototype_2016_pygnome_similarity/prototype_pygnome_case_registry.csv,True,,Legacy/debug transport-only PyGNOME similarity artifact preserved from the original 2016 prototype cases.
prototype,prototype_legacy_pygnome_similarity_summary,prototype_2016_pygnome_similarity,prototype_pygnome_figure_captions.md,output/prototype_2016_pygnome_similarity/prototype_pygnome_figure_captions.md,True,,Legacy/debug transport-only PyGNOME similarity artifact preserved from the original 2016 prototype cases.
prototype,prototype_legacy_pygnome_similarity_summary,prototype_2016_pygnome_similarity,prototype_pygnome_figure_registry.csv,output/prototype_2016_pygnome_similarity/prototype_pygnome_figure_registry.csv,True,,Legacy/debug transport-only PyGNOME similarity artifact preserved from the original 2016 prototype cases.
prototype,prototype_legacy_pygnome_similarity_summary,prototype_2016_pygnome_similarity,prototype_pygnome_fss_by_case_window.csv,output/prototype_2016_pygnome_similarity/prototype_pygnome_fss_by_case_window.csv,True,,Legacy/debug transport-only PyGNOME similarity artifact preserved from the original 2016 prototype cases.
prototype,prototype_legacy_pygnome_similarity_summary,prototype_2016_pygnome_similarity,prototype_pygnome_kl_by_case_hour.csv,output/prototype_2016_pygnome_similarity/prototype_pygnome_kl_by_case_hour.csv,True,,Legacy/debug transport-only PyGNOME similarity artifact preserved from the original 2016 prototype cases.
prototype,prototype_legacy_pygnome_similarity_summary,prototype_2016_pygnome_similarity,prototype_pygnome_similarity_by_case.csv,output/prototype_2016_pygnome_similarity/prototype_pygnome_similarity_by_case.csv,True,,Legacy/debug transport-only PyGNOME similarity artifact preserved from the original 2016 prototype cases.
prototype,prototype_legacy_pygnome_similarity_summary,prototype_2016_pygnome_similarity,prototype_pygnome_similarity_manifest.json,output/prototype_2016_pygnome_similarity/prototype_pygnome_similarity_manifest.json,True,,Legacy/debug transport-only PyGNOME similarity artifact preserved from the original 2016 prototype cases.
prototype,prototype_legacy_pygnome_similarity_summary,prototype_2016_pygnome_similarity,prototype_pygnome_similarity_summary.md,output/prototype_2016_pygnome_similarity/prototype_pygnome_similarity_summary.md,True,,Legacy/debug transport-only PyGNOME similarity artifact preserved from the original 2016 prototype cases.
prototype,prototype_legacy_pygnome_similarity_summary,prototype_2016_pygnome_similarity,qa_prototype_pygnome_fss_by_case_window.png,output/prototype_2016_pygnome_similarity/qa_prototype_pygnome_fss_by_case_window.png,True,,Legacy/debug transport-only PyGNOME similarity artifact preserved from the original 2016 prototype cases.
prototype,prototype_legacy_pygnome_similarity_summary,prototype_2016_pygnome_similarity,qa_prototype_pygnome_kl_by_case_hour.png,output/prototype_2016_pygnome_similarity/qa_prototype_pygnome_kl_by_case_hour.png,True,,Legacy/debug transport-only PyGNOME similarity artifact preserved from the original 2016 prototype cases.
prototype,prototype_legacy_pygnome_similarity_summary,prototype_2016_pygnome_similarity,qa_prototype_pygnome_scorecard.png,output/prototype_2016_pygnome_similarity/qa_prototype_pygnome_scorecard.png,True,,Legacy/debug transport-only PyGNOME similarity artifact preserved from the original 2016 prototype cases.
